
Use plutus;

-- Data for Users
insert into Users (first_name, last_name, date_of_birth, email, mobile) values ('Sophia', 'Brim', '2006-09-17', 'sbrim0@seesaa.net', '0921840551');
insert into Users (first_name, last_name, date_of_birth, email, mobile) values ('Rab', 'Quillinane', '2002-09-13', 'rquillinane1@stumbleupon.com', '4923808373');
insert into Users (first_name, last_name, date_of_birth, email, mobile) values ('Marna', 'Tabbitt', '1993-03-18', 'mtabbitt2@last.fm', '0079597092');
insert into Users (first_name, last_name, date_of_birth, email, mobile) values ('Erma', 'Orrill', '1998-11-23', 'eorrill3@zimbio.com', '9826965456');
insert into Users (first_name, last_name, date_of_birth, email, mobile) values ('Pate', 'Gumm', '2009-12-16', 'pgumm4@shinystat.com', '1735071277');
insert into Users (first_name, last_name, date_of_birth, email, mobile) values ('Annamarie', 'Carlozzi', '2003-08-05', 'acarlozzi5@w3.org', '7501812713');
insert into Users (first_name, last_name, date_of_birth, email, mobile) values ('Gabbi', 'Northall', '1997-02-09', 'gnorthall6@mashable.com', '5941695160');
insert into Users (first_name, last_name, date_of_birth, email, mobile) values ('Rubie', 'Petrescu', '2006-01-16', 'rpetrescu7@sun.com', '2533721832');
insert into Users (first_name, last_name, date_of_birth, email, mobile) values ('Daniela', 'Kelberer', '2009-07-21', 'dkelberer8@miibeian.gov.cn', '5792439052');
insert into Users (first_name, last_name, date_of_birth, email, mobile) values ('Sascha', 'Ogden', '1992-07-11', 'sogden9@networksolutions.com', '7561963335');
insert into Users (first_name, last_name, date_of_birth, email, mobile) values ('Lauree', 'Levings', '1990-01-17', 'llevingsa@latimes.com', '1788256522');
insert into Users (first_name, last_name, date_of_birth, email, mobile) values ('Erminia', 'Blainey', '1992-10-02', 'eblaineyb@patch.com', '0575644141');
insert into Users (first_name, last_name, date_of_birth, email, mobile) values ('Aggy', 'Daviddi', '2000-02-24', 'adaviddic@ftc.gov', '2836548886');
insert into Users (first_name, last_name, date_of_birth, email, mobile) values ('Cathe', 'Abbitt', '2009-11-12', 'cabbittd@1688.com', '7266175887');
insert into Users (first_name, last_name, date_of_birth, email, mobile) values ('Pyotr', 'MacGrath', '2004-03-27', 'pmacgrathe@go.com', '9478401181');
insert into Users (first_name, last_name, date_of_birth, email, mobile) values ('Thornie', 'Dyte', '1988-04-25', 'tdytef@opensource.org', '5940294073');
insert into Users (first_name, last_name, date_of_birth, email, mobile) values ('Jasmine', 'Shinefield', '2004-12-21', 'jshinefieldg@acquirethisname.com', '0559804261');
insert into Users (first_name, last_name, date_of_birth, email, mobile) values ('Ailey', 'Janiszewski', '1992-12-24', 'ajaniszewskih@people.com.cn', '3138163998');
insert into Users (first_name, last_name, date_of_birth, email, mobile) values ('Eudora', 'Kopfer', '1997-07-22', 'ekopferi@unc.edu', '9841823616');
insert into Users (first_name, last_name, date_of_birth, email, mobile) values ('Ag', 'Doran', '2007-07-05', 'adoranj@amazon.co.jp', '5635144659');
insert into Users (first_name, last_name, date_of_birth, email, mobile) values ('Susan', 'Stone', '1989-02-04', 'sstonek@addthis.com', '1237425875');
insert into Users (first_name, last_name, date_of_birth, email, mobile) values ('Rosalia', 'Deverille', '1994-12-11', 'rdeverillel@exblog.jp', '8036669730');
insert into Users (first_name, last_name, date_of_birth, email, mobile) values ('Asher', 'Body', '1988-03-17', 'abodym@webmd.com', '7663019679');
insert into Users (first_name, last_name, date_of_birth, email, mobile) values ('Saraann', 'Baskerfield', '1985-11-22', 'sbaskerfieldn@amazon.co.jp', '2762435943');
insert into Users (first_name, last_name, date_of_birth, email, mobile) values ('Joana', 'Kilshall', '1999-09-12', 'jkilshallo@mlb.com', '2795812738');
insert into Users (first_name, last_name, date_of_birth, email, mobile) values ('Algernon', 'Edney', '1987-06-30', 'aedneyp@sitemeter.com', '8540881411');
insert into Users (first_name, last_name, date_of_birth, email, mobile) values ('Zelda', 'Saull', '2008-08-20', 'zsaullq@netlog.com', '8783247335');
insert into Users (first_name, last_name, date_of_birth, email, mobile) values ('Charmaine', 'Drinkall', '1990-03-16', 'cdrinkallr@privacy.gov.au', '8127229334');
insert into Users (first_name, last_name, date_of_birth, email, mobile) values ('Dione', 'Kuhnert', '1992-11-23', 'dkuhnerts@ucsd.edu', '3003801104');
insert into Users (first_name, last_name, date_of_birth, email, mobile) values ('Rosy', 'Hefferon', '1991-04-17', 'rhefferont@myspace.com', '1295033925');
insert into Users (first_name, last_name, date_of_birth, email, mobile) values ('Danny', 'Brookes', '1992-12-02', 'dbrookesu@last.fm', '5481371006');
insert into Users (first_name, last_name, date_of_birth, email, mobile) values ('Aloysius', 'Dalgarno', '2004-01-24', 'adalgarnov@paypal.com', '1816465844');
insert into Users (first_name, last_name, date_of_birth, email, mobile) values ('Tabina', 'Gowen', '1986-03-15', 'tgowenw@addthis.com', '7124184134');
insert into Users (first_name, last_name, date_of_birth, email, mobile) values ('Alena', 'Hebditch', '2002-04-23', 'ahebditchx@bbb.org', '9286547900');
insert into Users (first_name, last_name, date_of_birth, email, mobile) values ('Dolores', 'Chat', '2009-12-20', 'dchaty@mapquest.com', '4108434609');
insert into Users (first_name, last_name, date_of_birth, email, mobile) values ('Silvano', 'Woakes', '1987-06-09', 'swoakesz@nasa.gov', '7719543505');
insert into Users (first_name, last_name, date_of_birth, email, mobile) values ('Guss', 'Matteotti', '2005-12-07', 'gmatteotti10@aboutads.info', '8589843955');
insert into Users (first_name, last_name, date_of_birth, email, mobile) values ('Violette', 'Hosby', '1997-05-22', 'vhosby11@go.com', '8727701867');
insert into Users (first_name, last_name, date_of_birth, email, mobile) values ('Gerhardt', 'Middleton', '2000-04-14', 'gmiddleton12@bbc.co.uk', '6790252843');
insert into Users (first_name, last_name, date_of_birth, email, mobile) values ('Rhoda', 'Skitch', '1996-07-27', 'rskitch13@qq.com', '2213456046');
insert into Users (first_name, last_name, date_of_birth, email, mobile) values ('Skylar', 'Cummings', '1998-02-05', 'scummings14@nyu.edu', '1900122294');
insert into Users (first_name, last_name, date_of_birth, email, mobile) values ('Alisander', 'Dray', '1990-12-29', 'adray15@symantec.com', '4653092044');
insert into Users (first_name, last_name, date_of_birth, email, mobile) values ('Lane', 'Plunkett', '2006-02-28', 'lplunkett16@slate.com', '2761966201');
insert into Users (first_name, last_name, date_of_birth, email, mobile) values ('Leesa', 'Wychard', '1988-09-09', 'lwychard17@ifeng.com', '3572990661');
insert into Users (first_name, last_name, date_of_birth, email, mobile) values ('Blondell', 'Gowan', '2008-09-27', 'bgowan18@spiegel.de', '2071412974');
insert into Users (first_name, last_name, date_of_birth, email, mobile) values ('Adria', 'Quarmby', '2005-05-30', 'aquarmby19@cam.ac.uk', '3521858383');
insert into Users (first_name, last_name, date_of_birth, email, mobile) values ('Esra', 'Aitken', '1996-04-26', 'eaitken1a@phpbb.com', '4971840834');
insert into Users (first_name, last_name, date_of_birth, email, mobile) values ('Dacie', 'Andrus', '2001-11-10', 'dandrus1b@utexas.edu', '6266195283');
insert into Users (first_name, last_name, date_of_birth, email, mobile) values ('Jeanne', 'Lewer', '1986-07-11', 'jlewer1c@linkedin.com', '5218819573');
insert into Users (first_name, last_name, date_of_birth, email, mobile) values ('Rik', 'Kemball', '2007-06-03', 'rkemball1d@seesaa.net', '2055064800');
insert into Users (first_name, last_name, date_of_birth, email, mobile) values ('Davie', 'Truscott', '2008-04-05', 'dtruscott1e@wikimedia.org', '4149199930');
insert into Users (first_name, last_name, date_of_birth, email, mobile) values ('Clevie', 'M''Quharge', '2005-05-29', 'cmquharge1f@unicef.org', '2327581761');
insert into Users (first_name, last_name, date_of_birth, email, mobile) values ('Lorry', 'Macieja', '1991-11-11', 'lmacieja1g@msn.com', '3270513976');
insert into Users (first_name, last_name, date_of_birth, email, mobile) values ('Claudell', 'Merrett', '1989-06-21', 'cmerrett1h@t-online.de', '5085229851');
insert into Users (first_name, last_name, date_of_birth, email, mobile) values ('Barnard', 'Mushett', '1999-12-17', 'bmushett1i@netlog.com', '1709496983');
insert into Users (first_name, last_name, date_of_birth, email, mobile) values ('Den', 'Nevitt', '1991-12-01', 'dnevitt1j@wordpress.org', '4658959232');
insert into Users (first_name, last_name, date_of_birth, email, mobile) values ('Celinka', 'Plak', '1985-08-10', 'cplak1k@gnu.org', '2755141026');
insert into Users (first_name, last_name, date_of_birth, email, mobile) values ('Jeane', 'Rudeforth', '1993-09-29', 'jrudeforth1l@delicious.com', '0753269597');
insert into Users (first_name, last_name, date_of_birth, email, mobile) values ('Barrie', 'Oughtright', '1996-10-05', 'boughtright1m@apple.com', '4312479720');
insert into Users (first_name, last_name, date_of_birth, email, mobile) values ('Davin', 'Burghill', '2004-11-04', 'dburghill1n@tinypic.com', '6589859620');
insert into Users (first_name, last_name, date_of_birth, email, mobile) values ('Rooney', 'Tarte', '1998-05-16', 'rtarte1o@sitemeter.com', '5012811461');
insert into Users (first_name, last_name, date_of_birth, email, mobile) values ('Francklin', 'Hickin', '1995-10-19', 'fhickin1p@ibm.com', '2785325214');
insert into Users (first_name, last_name, date_of_birth, email, mobile) values ('Millie', 'Melia', '1987-07-10', 'mmelia1q@soundcloud.com', '5239824592');
insert into Users (first_name, last_name, date_of_birth, email, mobile) values ('Orson', 'Saterthwait', '1995-11-13', 'osaterthwait1r@networksolutions.com', '3210614571');
insert into Users (first_name, last_name, date_of_birth, email, mobile) values ('Gris', 'Walliker', '2000-04-08', 'gwalliker1s@yahoo.com', '6745149893');
insert into Users (first_name, last_name, date_of_birth, email, mobile) values ('Annabell', 'Waldie', '1997-11-21', 'awaldie1t@earthlink.net', '9114135914');
insert into Users (first_name, last_name, date_of_birth, email, mobile) values ('Peria', 'Grandin', '1999-08-06', 'pgrandin1u@webmd.com', '2104028841');
insert into Users (first_name, last_name, date_of_birth, email, mobile) values ('Launce', 'Ricco', '2003-05-01', 'lricco1v@blogs.com', '1356977677');
insert into Users (first_name, last_name, date_of_birth, email, mobile) values ('Rosemaria', 'Ogan', '1996-03-28', 'rogan1w@ucoz.ru', '5375576104');
insert into Users (first_name, last_name, date_of_birth, email, mobile) values ('Adriana', 'Coakley', '2000-06-28', 'acoakley1x@github.io', '3094185525');
insert into Users (first_name, last_name, date_of_birth, email, mobile) values ('Kathie', 'Lelliott', '1985-01-10', 'klelliott1y@npr.org', '5761475634');
insert into Users (first_name, last_name, date_of_birth, email, mobile) values ('Laurice', 'Whapple', '2003-12-05', 'lwhapple1z@telegraph.co.uk', '8488846444');
insert into Users (first_name, last_name, date_of_birth, email, mobile) values ('Jenine', 'Skoggins', '1985-09-14', 'jskoggins20@chronoengine.com', '0043083463');
insert into Users (first_name, last_name, date_of_birth, email, mobile) values ('Rosy', 'Fairholme', '1994-06-18', 'rfairholme21@sbwire.com', '4358842313');
insert into Users (first_name, last_name, date_of_birth, email, mobile) values ('Siobhan', 'Tregona', '2001-02-09', 'stregona22@theguardian.com', '5253307931');
insert into Users (first_name, last_name, date_of_birth, email, mobile) values ('Buckie', 'Coad', '2000-06-29', 'bcoad23@eepurl.com', '0892958839');
insert into Users (first_name, last_name, date_of_birth, email, mobile) values ('Mady', 'Muddle', '2000-08-26', 'mmuddle24@webnode.com', '3693897913');
insert into Users (first_name, last_name, date_of_birth, email, mobile) values ('Isaac', 'Lillecrap', '2002-09-18', 'ilillecrap25@quantcast.com', '2830755391');
insert into Users (first_name, last_name, date_of_birth, email, mobile) values ('Roseanne', 'Benet', '2002-08-01', 'rbenet26@yellowpages.com', '4183215242');
insert into Users (first_name, last_name, date_of_birth, email, mobile) values ('Dee dee', 'Shinton', '1991-06-01', 'dshinton27@topsy.com', '6762324231');
insert into Users (first_name, last_name, date_of_birth, email, mobile) values ('Alidia', 'Westmancoat', '2000-10-14', 'awestmancoat28@icio.us', '5804774506');
insert into Users (first_name, last_name, date_of_birth, email, mobile) values ('Maridel', 'Timmens', '1993-02-14', 'mtimmens29@dropbox.com', '2870229445');
insert into Users (first_name, last_name, date_of_birth, email, mobile) values ('Carney', 'Popescu', '1998-03-07', 'cpopescu2a@topsy.com', '7875649684');
insert into Users (first_name, last_name, date_of_birth, email, mobile) values ('Hobart', 'Toppes', '1992-12-30', 'htoppes2b@answers.com', '0645183873');
insert into Users (first_name, last_name, date_of_birth, email, mobile) values ('Caitlin', 'Sueter', '2001-03-12', 'csueter2c@wunderground.com', '3846068357');
insert into Users (first_name, last_name, date_of_birth, email, mobile) values ('Megen', 'Dugget', '2001-01-24', 'mdugget2d@macromedia.com', '7124156572');
insert into Users (first_name, last_name, date_of_birth, email, mobile) values ('Genni', 'Josipovitz', '2005-05-04', 'gjosipovitz2e@godaddy.com', '4954090261');
insert into Users (first_name, last_name, date_of_birth, email, mobile) values ('Mortie', 'Batchan', '1992-03-14', 'mbatchan2f@phpbb.com', '3644793751');
insert into Users (first_name, last_name, date_of_birth, email, mobile) values ('Catlee', 'Matijasevic', '1997-10-20', 'cmatijasevic2g@mail.ru', '0534954502');
insert into Users (first_name, last_name, date_of_birth, email, mobile) values ('Deny', 'Brand-Hardy', '1997-07-12', 'dbrandhardy2h@irs.gov', '1254909389');
insert into Users (first_name, last_name, date_of_birth, email, mobile) values ('Pincus', 'Spawforth', '1987-11-13', 'pspawforth2i@ehow.com', '1120435129');
insert into Users (first_name, last_name, date_of_birth, email, mobile) values ('Holly', 'Barclay', '2007-03-21', 'hbarclay2j@miitbeian.gov.cn', '7391918490');
insert into Users (first_name, last_name, date_of_birth, email, mobile) values ('Lorie', 'Grzeszczyk', '2008-01-04', 'lgrzeszczyk2k@google.fr', '9255288415');
insert into Users (first_name, last_name, date_of_birth, email, mobile) values ('Thea', 'McAviy', '1986-12-26', 'tmcaviy2l@home.pl', '3665056470');
insert into Users (first_name, last_name, date_of_birth, email, mobile) values ('Ermanno', 'Baugham', '1990-09-05', 'ebaugham2m@qq.com', '1619255014');
insert into Users (first_name, last_name, date_of_birth, email, mobile) values ('Gonzalo', 'Cowcha', '2006-04-27', 'gcowcha2n@sakura.ne.jp', '5041513066');
insert into Users (first_name, last_name, date_of_birth, email, mobile) values ('Chris', 'Agron', '1989-05-25', 'cagron2o@ustream.tv', '3857317078');
insert into Users (first_name, last_name, date_of_birth, email, mobile) values ('Ricky', 'Cestard', '1992-06-01', 'rcestard2p@cmu.edu', '2473675813');
insert into Users (first_name, last_name, date_of_birth, email, mobile) values ('Ollie', 'Lorman', '2009-01-07', 'olorman2q@about.com', '3244461158');
insert into Users (first_name, last_name, date_of_birth, email, mobile) values ('Laurie', 'Shottin', '1993-04-14', 'lshottin2r@businessinsider.com', '1323685308');


-- Data for Banks
insert into Banks (bank_name) values ('Marquardt LLC');
insert into Banks (bank_name) values ('Lemke and Sons');
insert into Banks (bank_name) values ('Borer-Gutkowski');
insert into Banks (bank_name) values ('Cremin-Bergnaum');
insert into Banks (bank_name) values ('Rodriguez-McKenzie');
insert into Banks (bank_name) values ('Kassulke-Kovacek');
insert into Banks (bank_name) values ('Ryan-Buckridge');
insert into Banks (bank_name) values ('Kuhic, Ondricka and Wehner');
insert into Banks (bank_name) values ('Sawayn-Strosin');
insert into Banks (bank_name) values ('Sporer Group');
insert into Banks (bank_name) values ('Langosh, Kohler and Roob');
insert into Banks (bank_name) values ('Shields, Doyle and Brown');
insert into Banks (bank_name) values ('Schuppe and Sons');
insert into Banks (bank_name) values ('Bashirian-Grimes');
insert into Banks (bank_name) values ('Hansen-Wisoky');
insert into Banks (bank_name) values ('Mueller-Pacocha');
insert into Banks (bank_name) values ('Flatley Group');
insert into Banks (bank_name) values ('Klocko-Torp');
insert into Banks (bank_name) values ('Dickens Group');
insert into Banks (bank_name) values ('Wolf, Schmeler and Kautzer');
insert into Banks (bank_name) values ('Global Bank');
insert into Banks (bank_name) values ('Local Credit Union');
insert into Banks (bank_name) values ('Davis, Cassin and Ankunding');
insert into Banks (bank_name) values ('Kub and Sons');
insert into Banks (bank_name) values ('Dickinson, Lynch and Davis');
insert into Banks (bank_name) values ('Skiles Group');
insert into Banks (bank_name) values ('Weber, Crist and Hand');
insert into Banks (bank_name) values ('Kessler-Veum');
insert into Banks (bank_name) values ('Smitham LLC');
insert into Banks (bank_name) values ('Simonis and Sons');
insert into Banks (bank_name) values ('Rutherford Inc');
insert into Banks (bank_name) values ('Dach-Wilkinson');
insert into Banks (bank_name) values ('Bahringer Inc');
insert into Banks (bank_name) values ('Little-Schiller');
insert into Banks (bank_name) values ('Bruen, Hermann and Hermiston');
insert into Banks (bank_name) values ('Kunze LLC');
insert into Banks (bank_name) values ('Grimes-Haag');
insert into Banks (bank_name) values ('Kutch-Johnson');
insert into Banks (bank_name) values ('Morissette LLC');
insert into Banks (bank_name) values ('Bogan Inc');
insert into Banks (bank_name) values ('Kling, Robel and Volkman');
insert into Banks (bank_name) values ('Huels, Padberg and Kohler');
insert into Banks (bank_name) values ('O''Hara-Goldner');
insert into Banks (bank_name) values ('Hudson, Jerde and McLaughlin');
insert into Banks (bank_name) values ('Kohler Inc');
insert into Banks (bank_name) values ('Jast, Boyer and Windler');
insert into Banks (bank_name) values ('Hand, Kunze and Koch');
insert into Banks (bank_name) values ('Heidenreich, Grant and Davis');
insert into Banks (bank_name) values ('Luettgen-Boyer');
insert into Banks (bank_name) values ('Corwin-Moore');
insert into Banks (bank_name) values ('O''Kon-Wisoky');
insert into Banks (bank_name) values ('Goyette-Monahan');
insert into Banks (bank_name) values ('Abshire, Glover and Ledner');
insert into Banks (bank_name) values ('Nikolaus Group');
insert into Banks (bank_name) values ('Jones-Little');
insert into Banks (bank_name) values ('Okuneva Group');
insert into Banks (bank_name) values ('Reinger Inc');
insert into Banks (bank_name) values ('Stoltenberg Group');
insert into Banks (bank_name) values ('Yost Group');
insert into Banks (bank_name) values ('Spinka, Lebsack and Morissette');
insert into Banks (bank_name) values ('O''Kon Inc');
insert into Banks (bank_name) values ('Senger Inc');
insert into Banks (bank_name) values ('Hauck, Medhurst and Mayert');
insert into Banks (bank_name) values ('Ward, Smitham and Baumbach');
insert into Banks (bank_name) values ('Erdman Inc');
insert into Banks (bank_name) values ('Ruecker, Hegmann and Hand');
insert into Banks (bank_name) values ('Mayert, Quigley and Leffler');
insert into Banks (bank_name) values ('Upton-Little');
insert into Banks (bank_name) values ('Stiedemann Group');
insert into Banks (bank_name) values ('Goldner Group');
insert into Banks (bank_name) values ('Rice, Kovacek and Anderson');
insert into Banks (bank_name) values ('Hettinger-Walker');
insert into Banks (bank_name) values ('Frami-Watsica');
insert into Banks (bank_name) values ('Goodwin-Sauer');
insert into Banks (bank_name) values ('Okuneva Inc');
insert into Banks (bank_name) values ('Kub-Deckow');
insert into Banks (bank_name) values ('West, Batz and Morissette');
insert into Banks (bank_name) values ('Bruen-Krajcik');
insert into Banks (bank_name) values ('Hyatt Inc');
insert into Banks (bank_name) values ('Gottlieb Inc');
insert into Banks (bank_name) values ('Barrows-Steuber');
insert into Banks (bank_name) values ('Hamill-Schaden');
insert into Banks (bank_name) values ('Dickens Group');
insert into Banks (bank_name) values ('Bradtke, Schinner and Schuppe');
insert into Banks (bank_name) values ('Witting, Hessel and Kling');
insert into Banks (bank_name) values ('Crist and Sons');
insert into Banks (bank_name) values ('Crona, Sawayn and Hamill');
insert into Banks (bank_name) values ('Sipes-O''Kon');
insert into Banks (bank_name) values ('Frami, Kris and Conn');
insert into Banks (bank_name) values ('Crona and Sons');
insert into Banks (bank_name) values ('Armstrong, Brown and Anderson');
insert into Banks (bank_name) values ('Towne, Sawayn and Skiles');
insert into Banks (bank_name) values ('Reinger, Dooley and Moen');
insert into Banks (bank_name) values ('O''Hara, Mohr and Marvin');
insert into Banks (bank_name) values ('Cartwright, Hegmann and Blanda');
insert into Banks (bank_name) values ('Langworth-Friesen');
insert into Banks (bank_name) values ('Kreiger LLC');
insert into Banks (bank_name) values ('Kling Inc');
insert into Banks (bank_name) values ('Cartwright Inc');
insert into Banks (bank_name) values ('McDermott-Christiansen');


-- Data for Card_Types
insert into Card_Types (bank_id, card_type_name) values (1, 'americanexpress');
insert into Card_Types (bank_id, card_type_name) values (2, 'us-unionpay');
insert into Card_Types (bank_id, card_type_name) values (3, 'diners-club-enroute');
insert into Card_Types (bank_id, card_type_name) values (4, 'jcb');
insert into Card_Types (bank_id, card_type_name) values (5, 'laser');
insert into Card_Types (bank_id, card_type_name) values (6, 'maestro');
insert into Card_Types (bank_id, card_type_name) values (7, 'mastercard');
insert into Card_Types (bank_id, card_type_name) values (8, 'switch');
insert into Card_Types (bank_id, card_type_name) values (9, 'visa-electron');
insert into Card_Types (bank_id, card_type_name) values (10, 'visa-silver');

-- Data for Cards
insert into Cards (card_number, user_id, card_type_id, expiry_date) values ('4155710239409345', 1, 6, '2029-08-26');
insert into Cards (card_number, user_id, card_type_id, expiry_date) values ('4508424655091925', 2, 4, '2025-02-20');
insert into Cards (card_number, user_id, card_type_id, expiry_date) values ('6398745874699561', 3, 3, '2033-10-19');
insert into Cards (card_number, user_id, card_type_id, expiry_date) values ('5893851539824842', 4, 10, '2028-10-19');
insert into Cards (card_number, user_id, card_type_id, expiry_date) values ('3536675214882520', 5, 4, '2030-03-10');
insert into Cards (card_number, user_id, card_type_id, expiry_date) values ('6759959885023234', 6, 8, '2025-03-18');
insert into Cards (card_number, user_id, card_type_id, expiry_date) values ('5641823632544713', 7, 4, '2024-05-30');
insert into Cards (card_number, user_id, card_type_id, expiry_date) values ('3586746131290870', 8, 3, '2026-05-23');
insert into Cards (card_number, user_id, card_type_id, expiry_date) values ('3555484620727114', 9, 2, '2028-01-24');
insert into Cards (card_number, user_id, card_type_id, expiry_date) values ('5602252515375556', 10, 8, '2027-05-11');
insert into Cards (card_number, user_id, card_type_id, expiry_date) values ('3746222059220801', 11, 2, '2026-11-05');
insert into Cards (card_number, user_id, card_type_id, expiry_date) values ('3563597891253328', 12, 10, '2029-01-15');
insert into Cards (card_number, user_id, card_type_id, expiry_date) values ('5641827677307431', 13, 9, '2029-10-26');
insert into Cards (card_number, user_id, card_type_id, expiry_date) values ('3556965542013608', 14, 7, '2029-01-10');
insert into Cards (card_number, user_id, card_type_id, expiry_date) values ('3577533388128867', 15, 3, '2029-02-22');
insert into Cards (card_number, user_id, card_type_id, expiry_date) values ('3585599151513759', 16, 5, '2033-10-02');
insert into Cards (card_number, user_id, card_type_id, expiry_date) values ('3018669136099545', 17, 9, '2033-04-27');
insert into Cards (card_number, user_id, card_type_id, expiry_date) values ('5602259106011516', 18, 3, '2029-04-11');
insert into Cards (card_number, user_id, card_type_id, expiry_date) values ('3579905174851282', 19, 2, '2033-05-24');
insert into Cards (card_number, user_id, card_type_id, expiry_date) values ('3550850092204730', 20, 2, '2033-01-13');
insert into Cards (card_number, user_id, card_type_id, expiry_date) values ('5010123628736727', 21, 5, '2034-04-01');
insert into Cards (card_number, user_id, card_type_id, expiry_date) values ('3536221970814652', 22, 6, '2027-04-19');
insert into Cards (card_number, user_id, card_type_id, expiry_date) values ('6373988112460201', 23, 6, '2033-03-14');
insert into Cards (card_number, user_id, card_type_id, expiry_date) values ('3541392850404006', 24, 5, '2026-09-17');
insert into Cards (card_number, user_id, card_type_id, expiry_date) values ('5641825958216012', 25, 7, '2026-08-07');
insert into Cards (card_number, user_id, card_type_id, expiry_date) values ('3579122547980638', 26, 3, '2027-01-23');
insert into Cards (card_number, user_id, card_type_id, expiry_date) values ('5602250423758922', 27, 1, '2032-06-19');
insert into Cards (card_number, user_id, card_type_id, expiry_date) values ('3567965230434873', 28, 8, '2034-02-10');
insert into Cards (card_number, user_id, card_type_id, expiry_date) values ('3532370923259921', 29, 3, '2028-11-12');
insert into Cards (card_number, user_id, card_type_id, expiry_date) values ('5100147549235189', 30, 9, '2030-09-21');
insert into Cards (card_number, user_id, card_type_id, expiry_date) values ('3561532887900105', 31, 8, '2027-12-14');
insert into Cards (card_number, user_id, card_type_id, expiry_date) values ('5002356944797342', 32, 4, '2029-03-12');
insert into Cards (card_number, user_id, card_type_id, expiry_date) values ('5020785417690822', 33, 9, '2025-06-26');
insert into Cards (card_number, user_id, card_type_id, expiry_date) values ('6399487361602852', 34, 6, '2032-01-31');
insert into Cards (card_number, user_id, card_type_id, expiry_date) values ('3532334546354196', 35, 5, '2033-03-15');
insert into Cards (card_number, user_id, card_type_id, expiry_date) values ('4844013225577126', 36, 2, '2033-08-25');
insert into Cards (card_number, user_id, card_type_id, expiry_date) values ('3560239847060605', 37, 1, '2032-11-08');
insert into Cards (card_number, user_id, card_type_id, expiry_date) values ('3570621258459681', 38, 9, '2032-05-10');
insert into Cards (card_number, user_id, card_type_id, expiry_date) values ('3567690093746029', 39, 3, '2032-07-29');
insert into Cards (card_number, user_id, card_type_id, expiry_date) values ('2015910057240130', 40, 2, '2028-07-09');
insert into Cards (card_number, user_id, card_type_id, expiry_date) values ('3582225941171269', 41, 3, '2028-10-19');
insert into Cards (card_number, user_id, card_type_id, expiry_date) values ('3570614729116535', 42, 5, '2029-09-22');
insert into Cards (card_number, user_id, card_type_id, expiry_date) values ('4905709833984309', 43, 2, '2026-02-06');
insert into Cards (card_number, user_id, card_type_id, expiry_date) values ('3055687713634817', 44, 9, '2026-08-08');
insert into Cards (card_number, user_id, card_type_id, expiry_date) values ('6763133349505392', 45, 8, '2031-02-12');
insert into Cards (card_number, user_id, card_type_id, expiry_date) values ('3565533758956016', 46, 2, '2028-02-01');
insert into Cards (card_number, user_id, card_type_id, expiry_date) values ('4508915763418447', 47, 2, '2028-03-11');
insert into Cards (card_number, user_id, card_type_id, expiry_date) values ('3530804175739448', 48, 6, '2025-05-23');
insert into Cards (card_number, user_id, card_type_id, expiry_date) values ('3534154097384832', 49, 1, '2028-01-25');
insert into Cards (card_number, user_id, card_type_id, expiry_date) values ('3549218415864909', 50, 7, '2029-03-07');
insert into Cards (card_number, user_id, card_type_id, expiry_date) values ('5100136598427888', 51, 3, '2028-04-04');
insert into Cards (card_number, user_id, card_type_id, expiry_date) values ('3560020709790202', 52, 3, '2025-06-30');
insert into Cards (card_number, user_id, card_type_id, expiry_date) values ('6767046491773038', 53, 8, '2033-06-25');
insert into Cards (card_number, user_id, card_type_id, expiry_date) values ('3583224025081865', 54, 7, '2025-08-31');
insert into Cards (card_number, user_id, card_type_id, expiry_date) values ('3539752705417418', 55, 6, '2025-01-22');
insert into Cards (card_number, user_id, card_type_id, expiry_date) values ('3575005779352895', 56, 2, '2033-08-25');
insert into Cards (card_number, user_id, card_type_id, expiry_date) values ('3555468277823540', 57, 8, '2027-06-24');
insert into Cards (card_number, user_id, card_type_id, expiry_date) values ('4017954883424948', 58, 7, '2027-10-06');
insert into Cards (card_number, user_id, card_type_id, expiry_date) values ('3556117553979042', 59, 7, '2032-02-10');
insert into Cards (card_number, user_id, card_type_id, expiry_date) values ('4508082710337921', 60, 3, '2030-04-01');
insert into Cards (card_number, user_id, card_type_id, expiry_date) values ('5432581752760294', 61, 10, '2033-03-20');
insert into Cards (card_number, user_id, card_type_id, expiry_date) values ('3581139934837615', 62, 9, '2029-10-20');
insert into Cards (card_number, user_id, card_type_id, expiry_date) values ('6709044005414365', 63, 2, '2033-01-08');
insert into Cards (card_number, user_id, card_type_id, expiry_date) values ('6709011094293729', 64, 4, '2024-12-28');
insert into Cards (card_number, user_id, card_type_id, expiry_date) values ('3569512620822446', 65, 5, '2025-06-17');
insert into Cards (card_number, user_id, card_type_id, expiry_date) values ('3576019956731499', 66, 5, '2034-03-30');
insert into Cards (card_number, user_id, card_type_id, expiry_date) values ('5100179416972388', 67, 10, '2028-02-24');
insert into Cards (card_number, user_id, card_type_id, expiry_date) values ('2016318809718756', 68, 10, '2027-02-22');
insert into Cards (card_number, user_id, card_type_id, expiry_date) values ('3549690618522106', 69, 1, '2033-02-22');
insert into Cards (card_number, user_id, card_type_id, expiry_date) values ('4175002404166966', 70, 10, '2031-04-12');
insert into Cards (card_number, user_id, card_type_id, expiry_date) values ('2018826563972948', 71, 7, '2024-05-18');
insert into Cards (card_number, user_id, card_type_id, expiry_date) values ('3545129772425206', 72, 3, '2024-08-05');
insert into Cards (card_number, user_id, card_type_id, expiry_date) values ('3042939674120533', 73, 6, '2030-05-04');
insert into Cards (card_number, user_id, card_type_id, expiry_date) values ('3554270550576907', 74, 9, '2029-07-13');
insert into Cards (card_number, user_id, card_type_id, expiry_date) values ('3560274948102329', 75, 3, '2029-10-29');
insert into Cards (card_number, user_id, card_type_id, expiry_date) values ('0604219344312272', 76, 10, '2031-02-27');
insert into Cards (card_number, user_id, card_type_id, expiry_date) values ('6334520883488345', 77, 5, '2031-12-17');
insert into Cards (card_number, user_id, card_type_id, expiry_date) values ('5602234039464277', 78, 10, '2031-07-27');
insert into Cards (card_number, user_id, card_type_id, expiry_date) values ('2014759448196568', 79, 10, '2028-05-08');
insert into Cards (card_number, user_id, card_type_id, expiry_date) values ('6761072185185657', 80, 10, '2029-10-22');
insert into Cards (card_number, user_id, card_type_id, expiry_date) values ('3546675757551530', 81, 3, '2025-04-29');
insert into Cards (card_number, user_id, card_type_id, expiry_date) values ('5100135285996874', 82, 6, '2032-06-30');
insert into Cards (card_number, user_id, card_type_id, expiry_date) values ('3538387501258814', 83, 8, '2024-12-05');
insert into Cards (card_number, user_id, card_type_id, expiry_date) values ('3539591744218043', 84, 8, '2025-02-08');
insert into Cards (card_number, user_id, card_type_id, expiry_date) values ('6759245454467619', 85, 9, '2030-08-03');
insert into Cards (card_number, user_id, card_type_id, expiry_date) values ('5610932710982822', 86, 10, '2033-09-12');
insert into Cards (card_number, user_id, card_type_id, expiry_date) values ('3571849975509970', 87, 5, '2031-02-10');
insert into Cards (card_number, user_id, card_type_id, expiry_date) values ('5893203755779054', 88, 4, '2034-03-08');
insert into Cards (card_number, user_id, card_type_id, expiry_date) values ('4041591297311129', 89, 10, '2026-07-16');
insert into Cards (card_number, user_id, card_type_id, expiry_date) values ('3685801012019367', 90, 1, '2030-03-27');
insert into Cards (card_number, user_id, card_type_id, expiry_date) values ('3559912030028190', 91, 10, '2024-07-16');
insert into Cards (card_number, user_id, card_type_id, expiry_date) values ('3583454255328195', 92, 6, '2028-07-01');
insert into Cards (card_number, user_id, card_type_id, expiry_date) values ('3532537060713197', 93, 8, '2032-02-17');
insert into Cards (card_number, user_id, card_type_id, expiry_date) values ('5010123490064786', 94, 10, '2025-10-04');
insert into Cards (card_number, user_id, card_type_id, expiry_date) values ('5010123684653279', 95, 1, '2029-05-12');
insert into Cards (card_number, user_id, card_type_id, expiry_date) values ('5010125132068455', 96, 10, '2030-08-05');
insert into Cards (card_number, user_id, card_type_id, expiry_date) values ('3539377788600217', 97, 7, '2034-02-23');
insert into Cards (card_number, user_id, card_type_id, expiry_date) values ('2019408195612046', 98, 4, '2034-03-06');
insert into Cards (card_number, user_id, card_type_id, expiry_date) values ('3534878802250181', 99, 10, '2027-01-18');
insert into Cards (card_number, user_id, card_type_id, expiry_date) values ('3558969761012810', 100, 1, '2029-02-14');



-- Data for Product_Categories
insert into Product_Categories (category_id, category_name) values (1, 'Grocery');
insert into Product_Categories (category_id, category_name) values (2, 'Dining');
insert into Product_Categories (category_id, category_name) values (3, 'Hotel Points');
insert into Product_Categories (category_id, category_name) values (4, 'Grocery');
insert into Product_Categories (category_id, category_name) values (5, 'Hotel Points');
insert into Product_Categories (category_id, category_name) values (6, 'Dining');
insert into Product_Categories (category_id, category_name) values (7, 'Cash Back');
insert into Product_Categories (category_id, category_name) values (8, 'Hotel Points');
insert into Product_Categories (category_id, category_name) values (9, 'Cash Back');
insert into Product_Categories (category_id, category_name) values (10, 'Grocery');
insert into Product_Categories (category_id, category_name) values (11, 'Cash Back');
insert into Product_Categories (category_id, category_name) values (12, 'Hotel Points');
insert into Product_Categories (category_id, category_name) values (13, 'Shopping');
insert into Product_Categories (category_id, category_name) values (14, 'Hotel Points');
insert into Product_Categories (category_id, category_name) values (15, 'Shopping');
insert into Product_Categories (category_id, category_name) values (16, 'Cash Back');
insert into Product_Categories (category_id, category_name) values (17, 'Entertainment');
insert into Product_Categories (category_id, category_name) values (18, 'Entertainment');
insert into Product_Categories (category_id, category_name) values (19, 'Gas');
insert into Product_Categories (category_id, category_name) values (20, 'Airline Miles');
insert into Product_Categories (category_id, category_name) values (21, 'Dining');
insert into Product_Categories (category_id, category_name) values (22, 'Hotel Points');
insert into Product_Categories (category_id, category_name) values (23, 'Dining');
insert into Product_Categories (category_id, category_name) values (24, 'Gas');
insert into Product_Categories (category_id, category_name) values (25, 'Dining');
insert into Product_Categories (category_id, category_name) values (26, 'Shopping');
insert into Product_Categories (category_id, category_name) values (27, 'Grocery');
insert into Product_Categories (category_id, category_name) values (28, 'Dining');
insert into Product_Categories (category_id, category_name) values (29, 'Retail');
insert into Product_Categories (category_id, category_name) values (30, 'Cash Back');
insert into Product_Categories (category_id, category_name) values (31, 'Dining');
insert into Product_Categories (category_id, category_name) values (32, 'Grocery');
insert into Product_Categories (category_id, category_name) values (33, 'Travel');
insert into Product_Categories (category_id, category_name) values (34, 'Cash Back');
insert into Product_Categories (category_id, category_name) values (35, 'Entertainment');
insert into Product_Categories (category_id, category_name) values (36, 'Dining');
insert into Product_Categories (category_id, category_name) values (37, 'Cash Back');
insert into Product_Categories (category_id, category_name) values (38, 'Shopping');
insert into Product_Categories (category_id, category_name) values (39, 'Airline Miles');
insert into Product_Categories (category_id, category_name) values (40, 'Cash Back');
insert into Product_Categories (category_id, category_name) values (41, 'Travel');
insert into Product_Categories (category_id, category_name) values (42, 'Dining');
insert into Product_Categories (category_id, category_name) values (43, 'Airline Miles');
insert into Product_Categories (category_id, category_name) values (44, 'Hotel Points');
insert into Product_Categories (category_id, category_name) values (45, 'Travel');
insert into Product_Categories (category_id, category_name) values (46, 'Cash Back');
insert into Product_Categories (category_id, category_name) values (47, 'Retail');
insert into Product_Categories (category_id, category_name) values (48, 'Dining');
insert into Product_Categories (category_id, category_name) values (49, 'Grocery');
insert into Product_Categories (category_id, category_name) values (50, 'Hotel Points');
insert into Product_Categories (category_id, category_name) values (51, 'Shopping');
insert into Product_Categories (category_id, category_name) values (52, 'Entertainment');
insert into Product_Categories (category_id, category_name) values (53, 'Retail');
insert into Product_Categories (category_id, category_name) values (54, 'Entertainment');
insert into Product_Categories (category_id, category_name) values (55, 'Shopping');
insert into Product_Categories (category_id, category_name) values (56, 'Travel');
insert into Product_Categories (category_id, category_name) values (57, 'Grocery');
insert into Product_Categories (category_id, category_name) values (58, 'Retail');
insert into Product_Categories (category_id, category_name) values (59, 'Travel');
insert into Product_Categories (category_id, category_name) values (60, 'Airline Miles');
insert into Product_Categories (category_id, category_name) values (61, 'Entertainment');
insert into Product_Categories (category_id, category_name) values (62, 'Hotel Points');
insert into Product_Categories (category_id, category_name) values (63, 'Grocery');
insert into Product_Categories (category_id, category_name) values (64, 'Airline Miles');
insert into Product_Categories (category_id, category_name) values (65, 'Dining');
insert into Product_Categories (category_id, category_name) values (66, 'Dining');
insert into Product_Categories (category_id, category_name) values (67, 'Cash Back');
insert into Product_Categories (category_id, category_name) values (68, 'Hotel Points');
insert into Product_Categories (category_id, category_name) values (69, 'Shopping');
insert into Product_Categories (category_id, category_name) values (70, 'Shopping');
insert into Product_Categories (category_id, category_name) values (71, 'Retail');
insert into Product_Categories (category_id, category_name) values (72, 'Shopping');
insert into Product_Categories (category_id, category_name) values (73, 'Cash Back');
insert into Product_Categories (category_id, category_name) values (74, 'Gas');
insert into Product_Categories (category_id, category_name) values (75, 'Hotel Points');
insert into Product_Categories (category_id, category_name) values (76, 'Hotel Points');
insert into Product_Categories (category_id, category_name) values (77, 'Dining');
insert into Product_Categories (category_id, category_name) values (78, 'Travel');
insert into Product_Categories (category_id, category_name) values (79, 'Hotel Points');
insert into Product_Categories (category_id, category_name) values (80, 'Airline Miles');
insert into Product_Categories (category_id, category_name) values (81, 'Grocery');
insert into Product_Categories (category_id, category_name) values (82, 'Shopping');
insert into Product_Categories (category_id, category_name) values (83, 'Hotel Points');
insert into Product_Categories (category_id, category_name) values (84, 'Gas');
insert into Product_Categories (category_id, category_name) values (85, 'Gas');
insert into Product_Categories (category_id, category_name) values (86, 'Travel');
insert into Product_Categories (category_id, category_name) values (87, 'Dining');
insert into Product_Categories (category_id, category_name) values (88, 'Grocery');
insert into Product_Categories (category_id, category_name) values (89, 'Retail');
insert into Product_Categories (category_id, category_name) values (90, 'Grocery');
insert into Product_Categories (category_id, category_name) values (91, 'Travel');
insert into Product_Categories (category_id, category_name) values (92, 'Cash Back');
insert into Product_Categories (category_id, category_name) values (93, 'Airline Miles');
insert into Product_Categories (category_id, category_name) values (94, 'Grocery');
insert into Product_Categories (category_id, category_name) values (95, 'Entertainment');
insert into Product_Categories (category_id, category_name) values (96, 'Gas');
insert into Product_Categories (category_id, category_name) values (97, 'Travel');
insert into Product_Categories (category_id, category_name) values (98, 'Travel');
insert into Product_Categories (category_id, category_name) values (99, 'Entertainment');
insert into Product_Categories (category_id, category_name) values (100, 'Airline Miles');




-- Data for Products
insert into Products (product_name, category_id) values ('watch', 1);
insert into Products (product_name, category_id) values ('pillow', 2);
insert into Products (product_name, category_id) values ('umbrella', 3);
insert into Products (product_name, category_id) values ('umbrella', 4);
insert into Products (product_name, category_id) values ('sneakers', 5);
insert into Products (product_name, category_id) values ('camera', 6);
insert into Products (product_name, category_id) values ('book', 7);
insert into Products (product_name, category_id) values ('sunglasses', 8);
insert into Products (product_name, category_id) values ('headphones', 9);
insert into Products (product_name, category_id) values ('backpack', 10);
insert into Products (product_name, category_id) values ('water bottle', 11);
insert into Products (product_name, category_id) values ('water bottle', 12);
insert into Products (product_name, category_id) values ('pillow', 13);
insert into Products (product_name, category_id) values ('sunglasses', 14);
insert into Products (product_name, category_id) values ('sunglasses', 15);
insert into Products (product_name, category_id) values ('umbrella', 16);
insert into Products (product_name, category_id) values ('headphones', 17);
insert into Products (product_name, category_id) values ('book', 18);
insert into Products (product_name, category_id) values ('umbrella', 19);
insert into Products (product_name, category_id) values ('backpack', 20);
insert into Products (product_name, category_id) values ('umbrella', 21);
insert into Products (product_name, category_id) values ('camera', 22);
insert into Products (product_name, category_id) values ('pillow', 23);
insert into Products (product_name, category_id) values ('water bottle', 24);
insert into Products (product_name, category_id) values ('sneakers', 25);
insert into Products (product_name, category_id) values ('sneakers', 26);
insert into Products (product_name, category_id) values ('headphones', 27);
insert into Products (product_name, category_id) values ('pillow', 28);
insert into Products (product_name, category_id) values ('umbrella', 29);
insert into Products (product_name, category_id) values ('sunglasses', 30);
insert into Products (product_name, category_id) values ('watch', 31);
insert into Products (product_name, category_id) values ('sneakers', 32);
insert into Products (product_name, category_id) values ('backpack', 33);
insert into Products (product_name, category_id) values ('camera', 34);
insert into Products (product_name, category_id) values ('book', 35);
insert into Products (product_name, category_id) values ('sneakers', 36);
insert into Products (product_name, category_id) values ('pillow', 37);
insert into Products (product_name, category_id) values ('water bottle', 38);
insert into Products (product_name, category_id) values ('water bottle', 39);
insert into Products (product_name, category_id) values ('headphones', 40);
insert into Products (product_name, category_id) values ('book', 41);
insert into Products (product_name, category_id) values ('backpack', 42);
insert into Products (product_name, category_id) values ('camera', 43);
insert into Products (product_name, category_id) values ('book', 44);
insert into Products (product_name, category_id) values ('book', 45);
insert into Products (product_name, category_id) values ('sneakers', 46);
insert into Products (product_name, category_id) values ('headphones', 47);
insert into Products (product_name, category_id) values ('camera', 48);
insert into Products (product_name, category_id) values ('camera', 49);
insert into Products (product_name, category_id) values ('water bottle', 50);
insert into Products (product_name, category_id) values ('water bottle', 51);
insert into Products (product_name, category_id) values ('camera', 52);
insert into Products (product_name, category_id) values ('backpack', 53);
insert into Products (product_name, category_id) values ('sunglasses', 54);
insert into Products (product_name, category_id) values ('backpack', 55);
insert into Products (product_name, category_id) values ('water bottle', 56);
insert into Products (product_name, category_id) values ('headphones', 57);
insert into Products (product_name, category_id) values ('headphones', 58);
insert into Products (product_name, category_id) values ('watch', 59);
insert into Products (product_name, category_id) values ('water bottle', 60);
insert into Products (product_name, category_id) values ('umbrella', 61);
insert into Products (product_name, category_id) values ('sneakers', 62);
insert into Products (product_name, category_id) values ('sunglasses', 63);
insert into Products (product_name, category_id) values ('water bottle', 64);
insert into Products (product_name, category_id) values ('pillow', 65);
insert into Products (product_name, category_id) values ('headphones', 66);
insert into Products (product_name, category_id) values ('headphones', 67);
insert into Products (product_name, category_id) values ('pillow', 68);
insert into Products (product_name, category_id) values ('water bottle', 69);
insert into Products (product_name, category_id) values ('watch', 70);
insert into Products (product_name, category_id) values ('pillow', 71);
insert into Products (product_name, category_id) values ('sunglasses', 72);
insert into Products (product_name, category_id) values ('backpack', 73);
insert into Products (product_name, category_id) values ('backpack', 74);
insert into Products (product_name, category_id) values ('water bottle', 75);
insert into Products (product_name, category_id) values ('pillow', 76);
insert into Products (product_name, category_id) values ('camera', 77);
insert into Products (product_name, category_id) values ('headphones', 78);
insert into Products (product_name, category_id) values ('pillow', 79);
insert into Products (product_name, category_id) values ('book', 80);
insert into Products (product_name, category_id) values ('headphones', 81);
insert into Products (product_name, category_id) values ('water bottle', 82);
insert into Products (product_name, category_id) values ('book', 83);
insert into Products (product_name, category_id) values ('pillow', 84);
insert into Products (product_name, category_id) values ('backpack', 85);
insert into Products (product_name, category_id) values ('backpack', 86);
insert into Products (product_name, category_id) values ('headphones', 87);
insert into Products (product_name, category_id) values ('watch', 88);
insert into Products (product_name, category_id) values ('sunglasses', 89);
insert into Products (product_name, category_id) values ('umbrella', 90);
insert into Products (product_name, category_id) values ('umbrella', 91);
insert into Products (product_name, category_id) values ('sneakers', 92);
insert into Products (product_name, category_id) values ('backpack', 93);
insert into Products (product_name, category_id) values ('book', 94);
insert into Products (product_name, category_id) values ('book', 95);
insert into Products (product_name, category_id) values ('book', 96);
insert into Products (product_name, category_id) values ('sneakers', 97);
insert into Products (product_name, category_id) values ('sneakers', 98);
insert into Products (product_name, category_id) values ('book', 99);
insert into Products (product_name, category_id) values ('headphones', 100);


-- Data for Offer_Types
insert into Offer_Types (offer_type_name) values ('Student Discount');
insert into Offer_Types (offer_type_name) values ('Weekend Special');
insert into Offer_Types (offer_type_name) values ('Weekend Special');
insert into Offer_Types (offer_type_name) values ('Flash Sale');
insert into Offer_Types (offer_type_name) values ('Flash Sale');
insert into Offer_Types (offer_type_name) values ('Bundle Deal');
insert into Offer_Types (offer_type_name) values ('Clearance');
insert into Offer_Types (offer_type_name) values ('Buy One Get One');
insert into Offer_Types (offer_type_name) values ('Flash Sale');
insert into Offer_Types (offer_type_name) values ('Senior Citizen Discount');
insert into Offer_Types (offer_type_name) values ('Clearance');
insert into Offer_Types (offer_type_name) values ('Limited Time Offer');
insert into Offer_Types (offer_type_name) values ('Bundle Deal');
insert into Offer_Types (offer_type_name) values ('Weekend Special');
insert into Offer_Types (offer_type_name) values ('Senior Citizen Discount');
insert into Offer_Types (offer_type_name) values ('Bundle Deal');
insert into Offer_Types (offer_type_name) values ('Buy One Get One');
insert into Offer_Types (offer_type_name) values ('Flash Sale');
insert into Offer_Types (offer_type_name) values ('Early Bird Special');
insert into Offer_Types (offer_type_name) values ('Clearance');
insert into Offer_Types (offer_type_name) values ('Clearance');
insert into Offer_Types (offer_type_name) values ('Flash Sale');
insert into Offer_Types (offer_type_name) values ('Senior Citizen Discount');
insert into Offer_Types (offer_type_name) values ('Limited Time Offer');
insert into Offer_Types (offer_type_name) values ('Bundle Deal');
insert into Offer_Types (offer_type_name) values ('Discounted');
insert into Offer_Types (offer_type_name) values ('Senior Citizen Discount');
insert into Offer_Types (offer_type_name) values ('Flash Sale');
insert into Offer_Types (offer_type_name) values ('Discounted');
insert into Offer_Types (offer_type_name) values ('Buy One Get One');
insert into Offer_Types (offer_type_name) values ('Limited Time Offer');
insert into Offer_Types (offer_type_name) values ('Early Bird Special');
insert into Offer_Types (offer_type_name) values ('Senior Citizen Discount');
insert into Offer_Types (offer_type_name) values ('Bundle Deal');
insert into Offer_Types (offer_type_name) values ('Student Discount');
insert into Offer_Types (offer_type_name) values ('Bundle Deal');
insert into Offer_Types (offer_type_name) values ('Bundle Deal');
insert into Offer_Types (offer_type_name) values ('Student Discount');
insert into Offer_Types (offer_type_name) values ('Senior Citizen Discount');
insert into Offer_Types (offer_type_name) values ('Senior Citizen Discount');
insert into Offer_Types (offer_type_name) values ('Senior Citizen Discount');
insert into Offer_Types (offer_type_name) values ('Bundle Deal');
insert into Offer_Types (offer_type_name) values ('Early Bird Special');
insert into Offer_Types (offer_type_name) values ('Clearance');
insert into Offer_Types (offer_type_name) values ('Limited Time Offer');
insert into Offer_Types (offer_type_name) values ('Discounted');
insert into Offer_Types (offer_type_name) values ('Student Discount');
insert into Offer_Types (offer_type_name) values ('Discounted');
insert into Offer_Types (offer_type_name) values ('Flash Sale');
insert into Offer_Types (offer_type_name) values ('Weekend Special');
insert into Offer_Types (offer_type_name) values ('Early Bird Special');
insert into Offer_Types (offer_type_name) values ('Weekend Special');
insert into Offer_Types (offer_type_name) values ('Weekend Special');
insert into Offer_Types (offer_type_name) values ('Bundle Deal');
insert into Offer_Types (offer_type_name) values ('Bundle Deal');
insert into Offer_Types (offer_type_name) values ('Flash Sale');
insert into Offer_Types (offer_type_name) values ('Early Bird Special');
insert into Offer_Types (offer_type_name) values ('Weekend Special');
insert into Offer_Types (offer_type_name) values ('Student Discount');
insert into Offer_Types (offer_type_name) values ('Senior Citizen Discount');
insert into Offer_Types (offer_type_name) values ('Student Discount');
insert into Offer_Types (offer_type_name) values ('Early Bird Special');
insert into Offer_Types (offer_type_name) values ('Senior Citizen Discount');
insert into Offer_Types (offer_type_name) values ('Student Discount');
insert into Offer_Types (offer_type_name) values ('Buy One Get One');
insert into Offer_Types (offer_type_name) values ('Limited Time Offer');
insert into Offer_Types (offer_type_name) values ('Clearance');
insert into Offer_Types (offer_type_name) values ('Flash Sale');
insert into Offer_Types (offer_type_name) values ('Limited Time Offer');
insert into Offer_Types (offer_type_name) values ('Early Bird Special');
insert into Offer_Types (offer_type_name) values ('Senior Citizen Discount');
insert into Offer_Types (offer_type_name) values ('Early Bird Special');
insert into Offer_Types (offer_type_name) values ('Early Bird Special');
insert into Offer_Types (offer_type_name) values ('Flash Sale');
insert into Offer_Types (offer_type_name) values ('Flash Sale');
insert into Offer_Types (offer_type_name) values ('Discounted');
insert into Offer_Types (offer_type_name) values ('Flash Sale');
insert into Offer_Types (offer_type_name) values ('Clearance');
insert into Offer_Types (offer_type_name) values ('Senior Citizen Discount');
insert into Offer_Types (offer_type_name) values ('Senior Citizen Discount');
insert into Offer_Types (offer_type_name) values ('Weekend Special');
insert into Offer_Types (offer_type_name) values ('Flash Sale');
insert into Offer_Types (offer_type_name) values ('Senior Citizen Discount');
insert into Offer_Types (offer_type_name) values ('Flash Sale');
insert into Offer_Types (offer_type_name) values ('Student Discount');
insert into Offer_Types (offer_type_name) values ('Early Bird Special');
insert into Offer_Types (offer_type_name) values ('Clearance');
insert into Offer_Types (offer_type_name) values ('Early Bird Special');
insert into Offer_Types (offer_type_name) values ('Clearance');
insert into Offer_Types (offer_type_name) values ('Bundle Deal');
insert into Offer_Types (offer_type_name) values ('Discounted');
insert into Offer_Types (offer_type_name) values ('Flash Sale');
insert into Offer_Types (offer_type_name) values ('Senior Citizen Discount');
insert into Offer_Types (offer_type_name) values ('Senior Citizen Discount');
insert into Offer_Types (offer_type_name) values ('Clearance');
insert into Offer_Types (offer_type_name) values ('Senior Citizen Discount');
insert into Offer_Types (offer_type_name) values ('Discounted');
insert into Offer_Types (offer_type_name) values ('Early Bird Special');
insert into Offer_Types (offer_type_name) values ('Early Bird Special');
insert into Offer_Types (offer_type_name) values ('Student Discount');



-- Data for Offers
insert into Offers (offer_type_id, expiry_date, offer_description) values (1, '2024-07-27', 'Clearance event');
insert into Offers (offer_type_id, expiry_date, offer_description) values (2, '2024-12-18', 'Buy one get one free');
insert into Offers (offer_type_id, expiry_date, offer_description) values (3, '2025-02-02', 'Flash sale');
insert into Offers (offer_type_id, expiry_date, offer_description) values (4, '2024-07-26', 'Limited time offer');
insert into Offers (offer_type_id, expiry_date, offer_description) values (5, '2025-01-10', 'Clearance event');
insert into Offers (offer_type_id, expiry_date, offer_description) values (6, '2024-11-08', 'Clearance event');
insert into Offers (offer_type_id, expiry_date, offer_description) values (7, '2024-08-29', 'Clearance event');
insert into Offers (offer_type_id, expiry_date, offer_description) values (8, '2024-07-05', 'Flash sale');
insert into Offers (offer_type_id, expiry_date, offer_description) values (9, '2024-06-18', 'Special discount');
insert into Offers (offer_type_id, expiry_date, offer_description) values (10, '2024-06-26', 'Special discount');
insert into Offers (offer_type_id, expiry_date, offer_description) values (11, '2024-12-01', 'Clearance event');
insert into Offers (offer_type_id, expiry_date, offer_description) values (12, '2024-08-21', 'Special discount');
insert into Offers (offer_type_id, expiry_date, offer_description) values (13, '2025-01-24', 'Flash sale');
insert into Offers (offer_type_id, expiry_date, offer_description) values (14, '2024-10-19', 'Special discount');
insert into Offers (offer_type_id, expiry_date, offer_description) values (15, '2024-08-25', 'Flash sale');
insert into Offers (offer_type_id, expiry_date, offer_description) values (16, '2024-09-05', 'Buy one get one free');
insert into Offers (offer_type_id, expiry_date, offer_description) values (17, '2024-06-12', 'Buy one get one free');
insert into Offers (offer_type_id, expiry_date, offer_description) values (18, '2024-10-30', 'Buy one get one free');
insert into Offers (offer_type_id, expiry_date, offer_description) values (19, '2025-02-03', 'Buy one get one free');
insert into Offers (offer_type_id, expiry_date, offer_description) values (20, '2025-04-08', 'Limited time offer');
insert into Offers (offer_type_id, expiry_date, offer_description) values (21, '2024-11-21', 'Special discount');
insert into Offers (offer_type_id, expiry_date, offer_description) values (22, '2025-03-13', 'Special discount');
insert into Offers (offer_type_id, expiry_date, offer_description) values (23, '2025-02-09', 'Limited time offer');
insert into Offers (offer_type_id, expiry_date, offer_description) values (24, '2024-10-20', 'Buy one get one free');
insert into Offers (offer_type_id, expiry_date, offer_description) values (25, '2025-02-20', 'Clearance event');
insert into Offers (offer_type_id, expiry_date, offer_description) values (26, '2025-05-06', 'Limited time offer');
insert into Offers (offer_type_id, expiry_date, offer_description) values (27, '2024-11-28', 'Buy one get one free');
insert into Offers (offer_type_id, expiry_date, offer_description) values (28, '2024-07-18', 'Flash sale');
insert into Offers (offer_type_id, expiry_date, offer_description) values (29, '2025-04-20', 'Limited time offer');
insert into Offers (offer_type_id, expiry_date, offer_description) values (30, '2024-12-05', 'Flash sale');
insert into Offers (offer_type_id, expiry_date, offer_description) values (31, '2025-01-02', 'Special discount');
insert into Offers (offer_type_id, expiry_date, offer_description) values (32, '2025-04-04', 'Buy one get one free');
insert into Offers (offer_type_id, expiry_date, offer_description) values (33, '2024-10-04', 'Limited time offer');
insert into Offers (offer_type_id, expiry_date, offer_description) values (34, '2024-11-20', 'Flash sale');
insert into Offers (offer_type_id, expiry_date, offer_description) values (35, '2024-11-09', 'Special discount');
insert into Offers (offer_type_id, expiry_date, offer_description) values (36, '2025-02-19', 'Special discount');
insert into Offers (offer_type_id, expiry_date, offer_description) values (37, '2025-01-02', 'Limited time offer');
insert into Offers (offer_type_id, expiry_date, offer_description) values (38, '2025-03-15', 'Special discount');
insert into Offers (offer_type_id, expiry_date, offer_description) values (39, '2024-12-03', 'Flash sale');
insert into Offers (offer_type_id, expiry_date, offer_description) values (40, '2024-06-24', 'Flash sale');
insert into Offers (offer_type_id, expiry_date, offer_description) values (41, '2025-02-25', 'Limited time offer');
insert into Offers (offer_type_id, expiry_date, offer_description) values (42, '2024-09-20', 'Limited time offer');
insert into Offers (offer_type_id, expiry_date, offer_description) values (43, '2024-06-04', 'Buy one get one free');
insert into Offers (offer_type_id, expiry_date, offer_description) values (44, '2024-12-29', 'Special discount');
insert into Offers (offer_type_id, expiry_date, offer_description) values (45, '2024-08-06', 'Clearance event');
insert into Offers (offer_type_id, expiry_date, offer_description) values (46, '2024-06-15', 'Special discount');
insert into Offers (offer_type_id, expiry_date, offer_description) values (47, '2025-05-06', 'Clearance event');
insert into Offers (offer_type_id, expiry_date, offer_description) values (48, '2025-03-07', 'Clearance event');
insert into Offers (offer_type_id, expiry_date, offer_description) values (49, '2024-08-13', 'Special discount');
insert into Offers (offer_type_id, expiry_date, offer_description) values (50, '2024-06-02', 'Clearance event');
insert into Offers (offer_type_id, expiry_date, offer_description) values (51, '2024-06-30', 'Limited time offer');
insert into Offers (offer_type_id, expiry_date, offer_description) values (52, '2025-04-07', 'Special discount');
insert into Offers (offer_type_id, expiry_date, offer_description) values (53, '2024-09-08', 'Special discount');
insert into Offers (offer_type_id, expiry_date, offer_description) values (54, '2025-03-12', 'Flash sale');
insert into Offers (offer_type_id, expiry_date, offer_description) values (55, '2025-04-05', 'Limited time offer');
insert into Offers (offer_type_id, expiry_date, offer_description) values (56, '2024-11-22', 'Buy one get one free');
insert into Offers (offer_type_id, expiry_date, offer_description) values (57, '2024-11-27', 'Limited time offer');
insert into Offers (offer_type_id, expiry_date, offer_description) values (58, '2024-11-05', 'Buy one get one free');
insert into Offers (offer_type_id, expiry_date, offer_description) values (59, '2024-07-17', 'Clearance event');
insert into Offers (offer_type_id, expiry_date, offer_description) values (60, '2024-10-13', 'Flash sale');
insert into Offers (offer_type_id, expiry_date, offer_description) values (61, '2025-04-03', 'Buy one get one free');
insert into Offers (offer_type_id, expiry_date, offer_description) values (62, '2024-09-13', 'Limited time offer');
insert into Offers (offer_type_id, expiry_date, offer_description) values (63, '2024-12-28', 'Limited time offer');
insert into Offers (offer_type_id, expiry_date, offer_description) values (64, '2025-02-17', 'Limited time offer');
insert into Offers (offer_type_id, expiry_date, offer_description) values (65, '2025-03-25', 'Limited time offer');
insert into Offers (offer_type_id, expiry_date, offer_description) values (66, '2024-07-28', 'Flash sale');
insert into Offers (offer_type_id, expiry_date, offer_description) values (67, '2025-01-03', 'Buy one get one free');
insert into Offers (offer_type_id, expiry_date, offer_description) values (68, '2025-02-19', 'Clearance event');
insert into Offers (offer_type_id, expiry_date, offer_description) values (69, '2025-02-04', 'Limited time offer');
insert into Offers (offer_type_id, expiry_date, offer_description) values (70, '2024-07-18', 'Buy one get one free');
insert into Offers (offer_type_id, expiry_date, offer_description) values (71, '2024-12-14', 'Limited time offer');
insert into Offers (offer_type_id, expiry_date, offer_description) values (72, '2024-08-05', 'Flash sale');
insert into Offers (offer_type_id, expiry_date, offer_description) values (73, '2024-11-16', 'Clearance event');
insert into Offers (offer_type_id, expiry_date, offer_description) values (74, '2025-02-06', 'Flash sale');
insert into Offers (offer_type_id, expiry_date, offer_description) values (75, '2025-02-10', 'Buy one get one free');
insert into Offers (offer_type_id, expiry_date, offer_description) values (76, '2024-08-02', 'Buy one get one free');
insert into Offers (offer_type_id, expiry_date, offer_description) values (77, '2024-06-21', 'Flash sale');
insert into Offers (offer_type_id, expiry_date, offer_description) values (78, '2024-11-29', 'Special discount');
insert into Offers (offer_type_id, expiry_date, offer_description) values (79, '2024-08-09', 'Buy one get one free');
insert into Offers (offer_type_id, expiry_date, offer_description) values (80, '2024-12-13', 'Flash sale');
insert into Offers (offer_type_id, expiry_date, offer_description) values (81, '2025-02-10', 'Flash sale');
insert into Offers (offer_type_id, expiry_date, offer_description) values (82, '2025-02-13', 'Limited time offer');
insert into Offers (offer_type_id, expiry_date, offer_description) values (83, '2024-10-19', 'Clearance event');
insert into Offers (offer_type_id, expiry_date, offer_description) values (84, '2025-05-04', 'Buy one get one free');
insert into Offers (offer_type_id, expiry_date, offer_description) values (85, '2025-04-06', 'Clearance event');
insert into Offers (offer_type_id, expiry_date, offer_description) values (86, '2024-07-16', 'Buy one get one free');
insert into Offers (offer_type_id, expiry_date, offer_description) values (87, '2024-10-22', 'Limited time offer');
insert into Offers (offer_type_id, expiry_date, offer_description) values (88, '2024-12-28', 'Clearance event');
insert into Offers (offer_type_id, expiry_date, offer_description) values (89, '2024-12-28', 'Buy one get one free');
insert into Offers (offer_type_id, expiry_date, offer_description) values (90, '2024-06-18', 'Limited time offer');
insert into Offers (offer_type_id, expiry_date, offer_description) values (91, '2024-12-21', 'Buy one get one free');
insert into Offers (offer_type_id, expiry_date, offer_description) values (92, '2024-12-09', 'Special discount');
insert into Offers (offer_type_id, expiry_date, offer_description) values (93, '2025-01-24', 'Flash sale');
insert into Offers (offer_type_id, expiry_date, offer_description) values (94, '2024-12-08', 'Buy one get one free');
insert into Offers (offer_type_id, expiry_date, offer_description) values (95, '2025-01-09', 'Flash sale');
insert into Offers (offer_type_id, expiry_date, offer_description) values (96, '2024-10-06', 'Flash sale');
insert into Offers (offer_type_id, expiry_date, offer_description) values (97, '2024-09-15', 'Flash sale');
insert into Offers (offer_type_id, expiry_date, offer_description) values (98, '2024-07-28', 'Limited time offer');
insert into Offers (offer_type_id, expiry_date, offer_description) values (99, '2024-09-08', 'Clearance event');
insert into Offers (offer_type_id, expiry_date, offer_description) values (100, '2025-02-06', 'Buy one get one free');


-- Data for Product_Offers
insert into Product_Offers (product_id, offer_id) values (1, 1);
insert into Product_Offers (product_id, offer_id) values (2, 2);
insert into Product_Offers (product_id, offer_id) values (3, 3);
insert into Product_Offers (product_id, offer_id) values (4, 4);
insert into Product_Offers (product_id, offer_id) values (5, 5);
insert into Product_Offers (product_id, offer_id) values (6, 6);
insert into Product_Offers (product_id, offer_id) values (7, 7);
insert into Product_Offers (product_id, offer_id) values (8, 8);
insert into Product_Offers (product_id, offer_id) values (9, 9);
insert into Product_Offers (product_id, offer_id) values (10, 10);
insert into Product_Offers (product_id, offer_id) values (11, 11);
insert into Product_Offers (product_id, offer_id) values (12, 12);
insert into Product_Offers (product_id, offer_id) values (13, 13);
insert into Product_Offers (product_id, offer_id) values (14, 14);
insert into Product_Offers (product_id, offer_id) values (15, 15);
insert into Product_Offers (product_id, offer_id) values (16, 16);
insert into Product_Offers (product_id, offer_id) values (17, 17);
insert into Product_Offers (product_id, offer_id) values (18, 18);
insert into Product_Offers (product_id, offer_id) values (19, 19);
insert into Product_Offers (product_id, offer_id) values (20, 20);
insert into Product_Offers (product_id, offer_id) values (21, 21);
insert into Product_Offers (product_id, offer_id) values (22, 22);
insert into Product_Offers (product_id, offer_id) values (23, 23);
insert into Product_Offers (product_id, offer_id) values (24, 24);
insert into Product_Offers (product_id, offer_id) values (25, 25);
insert into Product_Offers (product_id, offer_id) values (26, 26);
insert into Product_Offers (product_id, offer_id) values (27, 27);
insert into Product_Offers (product_id, offer_id) values (28, 28);
insert into Product_Offers (product_id, offer_id) values (29, 29);
insert into Product_Offers (product_id, offer_id) values (30, 30);
insert into Product_Offers (product_id, offer_id) values (31, 31);
insert into Product_Offers (product_id, offer_id) values (32, 32);
insert into Product_Offers (product_id, offer_id) values (33, 33);
insert into Product_Offers (product_id, offer_id) values (34, 34);
insert into Product_Offers (product_id, offer_id) values (35, 35);
insert into Product_Offers (product_id, offer_id) values (36, 36);
insert into Product_Offers (product_id, offer_id) values (37, 37);
insert into Product_Offers (product_id, offer_id) values (38, 38);
insert into Product_Offers (product_id, offer_id) values (39, 39);
insert into Product_Offers (product_id, offer_id) values (40, 40);
insert into Product_Offers (product_id, offer_id) values (41, 41);
insert into Product_Offers (product_id, offer_id) values (42, 42);
insert into Product_Offers (product_id, offer_id) values (43, 43);
insert into Product_Offers (product_id, offer_id) values (44, 44);
insert into Product_Offers (product_id, offer_id) values (45, 45);
insert into Product_Offers (product_id, offer_id) values (46, 46);
insert into Product_Offers (product_id, offer_id) values (47, 47);
insert into Product_Offers (product_id, offer_id) values (48, 48);
insert into Product_Offers (product_id, offer_id) values (49, 49);
insert into Product_Offers (product_id, offer_id) values (50, 50);
insert into Product_Offers (product_id, offer_id) values (51, 51);
insert into Product_Offers (product_id, offer_id) values (52, 52);
insert into Product_Offers (product_id, offer_id) values (53, 53);
insert into Product_Offers (product_id, offer_id) values (54, 54);
insert into Product_Offers (product_id, offer_id) values (55, 55);
insert into Product_Offers (product_id, offer_id) values (56, 56);
insert into Product_Offers (product_id, offer_id) values (57, 57);
insert into Product_Offers (product_id, offer_id) values (58, 58);
insert into Product_Offers (product_id, offer_id) values (59, 59);
insert into Product_Offers (product_id, offer_id) values (60, 60);
insert into Product_Offers (product_id, offer_id) values (61, 61);
insert into Product_Offers (product_id, offer_id) values (62, 62);
insert into Product_Offers (product_id, offer_id) values (63, 63);
insert into Product_Offers (product_id, offer_id) values (64, 64);
insert into Product_Offers (product_id, offer_id) values (65, 65);
insert into Product_Offers (product_id, offer_id) values (66, 66);
insert into Product_Offers (product_id, offer_id) values (67, 67);
insert into Product_Offers (product_id, offer_id) values (68, 68);
insert into Product_Offers (product_id, offer_id) values (69, 69);
insert into Product_Offers (product_id, offer_id) values (70, 70);
insert into Product_Offers (product_id, offer_id) values (71, 71);
insert into Product_Offers (product_id, offer_id) values (72, 72);
insert into Product_Offers (product_id, offer_id) values (73, 73);
insert into Product_Offers (product_id, offer_id) values (74, 74);
insert into Product_Offers (product_id, offer_id) values (75, 75);
insert into Product_Offers (product_id, offer_id) values (76, 76);
insert into Product_Offers (product_id, offer_id) values (77, 77);
insert into Product_Offers (product_id, offer_id) values (78, 78);
insert into Product_Offers (product_id, offer_id) values (79, 79);
insert into Product_Offers (product_id, offer_id) values (80, 80);
insert into Product_Offers (product_id, offer_id) values (81, 81);
insert into Product_Offers (product_id, offer_id) values (82, 82);
insert into Product_Offers (product_id, offer_id) values (83, 83);
insert into Product_Offers (product_id, offer_id) values (84, 84);
insert into Product_Offers (product_id, offer_id) values (85, 85);
insert into Product_Offers (product_id, offer_id) values (86, 86);
insert into Product_Offers (product_id, offer_id) values (87, 87);
insert into Product_Offers (product_id, offer_id) values (88, 88);
insert into Product_Offers (product_id, offer_id) values (89, 89);
insert into Product_Offers (product_id, offer_id) values (90, 90);
insert into Product_Offers (product_id, offer_id) values (91, 91);
insert into Product_Offers (product_id, offer_id) values (92, 92);
insert into Product_Offers (product_id, offer_id) values (93, 93);
insert into Product_Offers (product_id, offer_id) values (94, 94);
insert into Product_Offers (product_id, offer_id) values (95, 95);
insert into Product_Offers (product_id, offer_id) values (96, 96);
insert into Product_Offers (product_id, offer_id) values (97, 97);
insert into Product_Offers (product_id, offer_id) values (98, 98);
insert into Product_Offers (product_id, offer_id) values (99, 99);
insert into Product_Offers (product_id, offer_id) values (100, 100);


-- Data for Card_Offers
insert into Card_Offers (offer_id, card_type_id) values (1, 1);
insert into Card_Offers (offer_id, card_type_id) values (2, 2);
insert into Card_Offers (offer_id, card_type_id) values (3, 3);
insert into Card_Offers (offer_id, card_type_id) values (4, 4);
insert into Card_Offers (offer_id, card_type_id) values (5, 5);
insert into Card_Offers (offer_id, card_type_id) values (6, 6);
insert into Card_Offers (offer_id, card_type_id) values (7, 7);
insert into Card_Offers (offer_id, card_type_id) values (8, 8);
insert into Card_Offers (offer_id, card_type_id) values (9, 9);
insert into Card_Offers (offer_id, card_type_id) values (10, 2);
insert into Card_Offers (offer_id, card_type_id) values (11, 2);
insert into Card_Offers (offer_id, card_type_id) values (12, 3);
insert into Card_Offers (offer_id, card_type_id) values (13, 3);
insert into Card_Offers (offer_id, card_type_id) values (14, 10);
insert into Card_Offers (offer_id, card_type_id) values (15, 6);
insert into Card_Offers (offer_id, card_type_id) values (16, 6);
insert into Card_Offers (offer_id, card_type_id) values (17, 6);
insert into Card_Offers (offer_id, card_type_id) values (18, 10);
insert into Card_Offers (offer_id, card_type_id) values (19, 4);
insert into Card_Offers (offer_id, card_type_id) values (20, 1);
insert into Card_Offers (offer_id, card_type_id) values (21, 2);
insert into Card_Offers (offer_id, card_type_id) values (22, 7);
insert into Card_Offers (offer_id, card_type_id) values (23, 9);
insert into Card_Offers (offer_id, card_type_id) values (24, 6);
insert into Card_Offers (offer_id, card_type_id) values (25, 9);
insert into Card_Offers (offer_id, card_type_id) values (26, 4);
insert into Card_Offers (offer_id, card_type_id) values (27, 5);
insert into Card_Offers (offer_id, card_type_id) values (28, 10);
insert into Card_Offers (offer_id, card_type_id) values (29, 10);
insert into Card_Offers (offer_id, card_type_id) values (30, 2);
insert into Card_Offers (offer_id, card_type_id) values (31, 5);
insert into Card_Offers (offer_id, card_type_id) values (32, 7);
insert into Card_Offers (offer_id, card_type_id) values (33, 7);
insert into Card_Offers (offer_id, card_type_id) values (34, 5);
insert into Card_Offers (offer_id, card_type_id) values (35, 7);
insert into Card_Offers (offer_id, card_type_id) values (36, 8);
insert into Card_Offers (offer_id, card_type_id) values (37, 2);
insert into Card_Offers (offer_id, card_type_id) values (38, 6);
insert into Card_Offers (offer_id, card_type_id) values (39, 5);
insert into Card_Offers (offer_id, card_type_id) values (40, 1);
insert into Card_Offers (offer_id, card_type_id) values (41, 2);
insert into Card_Offers (offer_id, card_type_id) values (42, 6);
insert into Card_Offers (offer_id, card_type_id) values (43, 8);
insert into Card_Offers (offer_id, card_type_id) values (44, 3);
insert into Card_Offers (offer_id, card_type_id) values (45, 1);
insert into Card_Offers (offer_id, card_type_id) values (46, 6);
insert into Card_Offers (offer_id, card_type_id) values (47, 1);
insert into Card_Offers (offer_id, card_type_id) values (48, 9);
insert into Card_Offers (offer_id, card_type_id) values (49, 10);
insert into Card_Offers (offer_id, card_type_id) values (50, 8);
insert into Card_Offers (offer_id, card_type_id) values (51, 1);
insert into Card_Offers (offer_id, card_type_id) values (52, 9);
insert into Card_Offers (offer_id, card_type_id) values (53, 10);
insert into Card_Offers (offer_id, card_type_id) values (54, 10);
insert into Card_Offers (offer_id, card_type_id) values (55, 1);
insert into Card_Offers (offer_id, card_type_id) values (56, 9);
insert into Card_Offers (offer_id, card_type_id) values (57, 7);
insert into Card_Offers (offer_id, card_type_id) values (58, 2);
insert into Card_Offers (offer_id, card_type_id) values (59, 3);
insert into Card_Offers (offer_id, card_type_id) values (60, 6);
insert into Card_Offers (offer_id, card_type_id) values (61, 5);
insert into Card_Offers (offer_id, card_type_id) values (62, 8);
insert into Card_Offers (offer_id, card_type_id) values (63, 1);
insert into Card_Offers (offer_id, card_type_id) values (64, 9);
insert into Card_Offers (offer_id, card_type_id) values (65, 4);
insert into Card_Offers (offer_id, card_type_id) values (66, 6);
insert into Card_Offers (offer_id, card_type_id) values (67, 6);
insert into Card_Offers (offer_id, card_type_id) values (68, 10);
insert into Card_Offers (offer_id, card_type_id) values (69, 5);
insert into Card_Offers (offer_id, card_type_id) values (70, 5);
insert into Card_Offers (offer_id, card_type_id) values (71, 10);
insert into Card_Offers (offer_id, card_type_id) values (72, 10);
insert into Card_Offers (offer_id, card_type_id) values (73, 8);
insert into Card_Offers (offer_id, card_type_id) values (74, 5);
insert into Card_Offers (offer_id, card_type_id) values (75, 7);
insert into Card_Offers (offer_id, card_type_id) values (76, 6);
insert into Card_Offers (offer_id, card_type_id) values (77, 1);
insert into Card_Offers (offer_id, card_type_id) values (78, 10);
insert into Card_Offers (offer_id, card_type_id) values (79, 10);
insert into Card_Offers (offer_id, card_type_id) values (80, 3);
insert into Card_Offers (offer_id, card_type_id) values (81, 1);
insert into Card_Offers (offer_id, card_type_id) values (82, 5);
insert into Card_Offers (offer_id, card_type_id) values (83, 10);
insert into Card_Offers (offer_id, card_type_id) values (84, 5);
insert into Card_Offers (offer_id, card_type_id) values (85, 4);
insert into Card_Offers (offer_id, card_type_id) values (86, 10);
insert into Card_Offers (offer_id, card_type_id) values (87, 10);
insert into Card_Offers (offer_id, card_type_id) values (88, 2);
insert into Card_Offers (offer_id, card_type_id) values (89, 10);
insert into Card_Offers (offer_id, card_type_id) values (90, 9);
insert into Card_Offers (offer_id, card_type_id) values (91, 1);
insert into Card_Offers (offer_id, card_type_id) values (92, 10);
insert into Card_Offers (offer_id, card_type_id) values (93, 5);
insert into Card_Offers (offer_id, card_type_id) values (94, 1);
insert into Card_Offers (offer_id, card_type_id) values (95, 3);
insert into Card_Offers (offer_id, card_type_id) values (96, 2);
insert into Card_Offers (offer_id, card_type_id) values (97, 8);
insert into Card_Offers (offer_id, card_type_id) values (98, 9);
insert into Card_Offers (offer_id, card_type_id) values (99, 5);
insert into Card_Offers (offer_id, card_type_id) values (100, 7);


-- Data for Companies
insert into Companies (company_name, company_url) values ('ABC Corporation', 'abc-corporation.com');
insert into Companies (company_name, company_url) values ('XYZ Enterprises', 'xyz-enterprises.com');
insert into Companies (company_name, company_url) values ('Sunshine Products Inc.', 'sunshine-products-inc.com');
insert into Companies (company_name, company_url) values ('Blue Sky Innovations', 'blue-sky-innovations.com');
insert into Companies (company_name, company_url) values ('Green Leaf Solutions', 'green-leaf-solutions.com');
insert into Companies (company_name, company_url) values ('ABC Corporation', 'abc-corporation.com');
insert into Companies (company_name, company_url) values ('XYZ Enterprises', 'xyz-enterprises.com');
insert into Companies (company_name, company_url) values ('Sunshine Products Inc.', 'sunshine-products-inc.com');
insert into Companies (company_name, company_url) values ('Blue Sky Innovations', 'blue-sky-innovations.com');
insert into Companies (company_name, company_url) values ('Green Leaf Solutions', 'green-leaf-solutions.com');
insert into Companies (company_name, company_url) values ('ABC Corporation', 'abc-corporation.com');
insert into Companies (company_name, company_url) values ('XYZ Enterprises', 'xyz-enterprises.com');
insert into Companies (company_name, company_url) values ('Sunshine Products Inc.', 'sunshine-products-inc.com');
insert into Companies (company_name, company_url) values ('Blue Sky Innovations', 'blue-sky-innovations.com');
insert into Companies (company_name, company_url) values ('Green Leaf Solutions', 'green-leaf-solutions.com');
insert into Companies (company_name, company_url) values ('ABC Corporation', 'abc-corporation.com');
insert into Companies (company_name, company_url) values ('XYZ Enterprises', 'xyz-enterprises.com');
insert into Companies (company_name, company_url) values ('Sunshine Products Inc.', 'sunshine-products-inc.com');
insert into Companies (company_name, company_url) values ('Blue Sky Innovations', 'blue-sky-innovations.com');
insert into Companies (company_name, company_url) values ('Green Leaf Solutions', 'green-leaf-solutions.com');
insert into Companies (company_name, company_url) values ('ABC Corporation', 'abc-corporation.com');
insert into Companies (company_name, company_url) values ('XYZ Enterprises', 'xyz-enterprises.com');
insert into Companies (company_name, company_url) values ('Sunshine Products Inc.', 'sunshine-products-inc.com');
insert into Companies (company_name, company_url) values ('Blue Sky Innovations', 'blue-sky-innovations.com');
insert into Companies (company_name, company_url) values ('Green Leaf Solutions', 'green-leaf-solutions.com');
insert into Companies (company_name, company_url) values ('ABC Corporation', 'abc-corporation.com');
insert into Companies (company_name, company_url) values ('XYZ Enterprises', 'xyz-enterprises.com');
insert into Companies (company_name, company_url) values ('Sunshine Products Inc.', 'sunshine-products-inc.com');
insert into Companies (company_name, company_url) values ('Blue Sky Innovations', 'blue-sky-innovations.com');
insert into Companies (company_name, company_url) values ('Green Leaf Solutions', 'green-leaf-solutions.com');
insert into Companies (company_name, company_url) values ('ABC Corporation', 'abc-corporation.com');
insert into Companies (company_name, company_url) values ('XYZ Enterprises', 'xyz-enterprises.com');
insert into Companies (company_name, company_url) values ('Sunshine Products Inc.', 'sunshine-products-inc.com');
insert into Companies (company_name, company_url) values ('Blue Sky Innovations', 'blue-sky-innovations.com');
insert into Companies (company_name, company_url) values ('Green Leaf Solutions', 'green-leaf-solutions.com');
insert into Companies (company_name, company_url) values ('ABC Corporation', 'abc-corporation.com');
insert into Companies (company_name, company_url) values ('XYZ Enterprises', 'xyz-enterprises.com');
insert into Companies (company_name, company_url) values ('Sunshine Products Inc.', 'sunshine-products-inc.com');
insert into Companies (company_name, company_url) values ('Blue Sky Innovations', 'blue-sky-innovations.com');
insert into Companies (company_name, company_url) values ('Green Leaf Solutions', 'green-leaf-solutions.com');
insert into Companies (company_name, company_url) values ('ABC Corporation', 'abc-corporation.com');
insert into Companies (company_name, company_url) values ('XYZ Enterprises', 'xyz-enterprises.com');
insert into Companies (company_name, company_url) values ('Sunshine Products Inc.', 'sunshine-products-inc.com');
insert into Companies (company_name, company_url) values ('Blue Sky Innovations', 'blue-sky-innovations.com');
insert into Companies (company_name, company_url) values ('Green Leaf Solutions', 'green-leaf-solutions.com');
insert into Companies (company_name, company_url) values ('ABC Corporation', 'abc-corporation.com');
insert into Companies (company_name, company_url) values ('XYZ Enterprises', 'xyz-enterprises.com');
insert into Companies (company_name, company_url) values ('Sunshine Products Inc.', 'sunshine-products-inc.com');
insert into Companies (company_name, company_url) values ('Blue Sky Innovations', 'blue-sky-innovations.com');
insert into Companies (company_name, company_url) values ('Green Leaf Solutions', 'green-leaf-solutions.com');
insert into Companies (company_name, company_url) values ('ABC Corporation', 'abc-corporation.com');
insert into Companies (company_name, company_url) values ('XYZ Enterprises', 'xyz-enterprises.com');
insert into Companies (company_name, company_url) values ('Sunshine Products Inc.', 'sunshine-products-inc.com');
insert into Companies (company_name, company_url) values ('Blue Sky Innovations', 'blue-sky-innovations.com');
insert into Companies (company_name, company_url) values ('Green Leaf Solutions', 'green-leaf-solutions.com');
insert into Companies (company_name, company_url) values ('ABC Corporation', 'abc-corporation.com');
insert into Companies (company_name, company_url) values ('XYZ Enterprises', 'xyz-enterprises.com');
insert into Companies (company_name, company_url) values ('Sunshine Products Inc.', 'sunshine-products-inc.com');
insert into Companies (company_name, company_url) values ('Blue Sky Innovations', 'blue-sky-innovations.com');
insert into Companies (company_name, company_url) values ('Green Leaf Solutions', 'green-leaf-solutions.com');
insert into Companies (company_name, company_url) values ('ABC Corporation', 'abc-corporation.com');
insert into Companies (company_name, company_url) values ('XYZ Enterprises', 'xyz-enterprises.com');
insert into Companies (company_name, company_url) values ('Sunshine Products Inc.', 'sunshine-products-inc.com');
insert into Companies (company_name, company_url) values ('Blue Sky Innovations', 'blue-sky-innovations.com');
insert into Companies (company_name, company_url) values ('Green Leaf Solutions', 'green-leaf-solutions.com');
insert into Companies (company_name, company_url) values ('ABC Corporation', 'abc-corporation.com');
insert into Companies (company_name, company_url) values ('XYZ Enterprises', 'xyz-enterprises.com');
insert into Companies (company_name, company_url) values ('Sunshine Products Inc.', 'sunshine-products-inc.com');
insert into Companies (company_name, company_url) values ('Blue Sky Innovations', 'blue-sky-innovations.com');
insert into Companies (company_name, company_url) values ('Green Leaf Solutions', 'green-leaf-solutions.com');
insert into Companies (company_name, company_url) values ('ABC Corporation', 'abc-corporation.com');
insert into Companies (company_name, company_url) values ('XYZ Enterprises', 'xyz-enterprises.com');
insert into Companies (company_name, company_url) values ('Sunshine Products Inc.', 'sunshine-products-inc.com');
insert into Companies (company_name, company_url) values ('Blue Sky Innovations', 'blue-sky-innovations.com');
insert into Companies (company_name, company_url) values ('Green Leaf Solutions', 'green-leaf-solutions.com');
insert into Companies (company_name, company_url) values ('ABC Corporation', 'abc-corporation.com');
insert into Companies (company_name, company_url) values ('XYZ Enterprises', 'xyz-enterprises.com');
insert into Companies (company_name, company_url) values ('Sunshine Products Inc.', 'sunshine-products-inc.com');
insert into Companies (company_name, company_url) values ('Blue Sky Innovations', 'blue-sky-innovations.com');
insert into Companies (company_name, company_url) values ('Green Leaf Solutions', 'green-leaf-solutions.com');
insert into Companies (company_name, company_url) values ('ABC Corporation', 'abc-corporation.com');
insert into Companies (company_name, company_url) values ('XYZ Enterprises', 'xyz-enterprises.com');
insert into Companies (company_name, company_url) values ('Sunshine Products Inc.', 'sunshine-products-inc.com');
insert into Companies (company_name, company_url) values ('Blue Sky Innovations', 'blue-sky-innovations.com');
insert into Companies (company_name, company_url) values ('Green Leaf Solutions', 'green-leaf-solutions.com');
insert into Companies (company_name, company_url) values ('ABC Corporation', 'abc-corporation.com');
insert into Companies (company_name, company_url) values ('XYZ Enterprises', 'xyz-enterprises.com');
insert into Companies (company_name, company_url) values ('Sunshine Products Inc.', 'sunshine-products-inc.com');
insert into Companies (company_name, company_url) values ('Blue Sky Innovations', 'blue-sky-innovations.com');
insert into Companies (company_name, company_url) values ('Green Leaf Solutions', 'green-leaf-solutions.com');
insert into Companies (company_name, company_url) values ('ABC Corporation', 'abc-corporation.com');
insert into Companies (company_name, company_url) values ('XYZ Enterprises', 'xyz-enterprises.com');
insert into Companies (company_name, company_url) values ('Sunshine Products Inc.', 'sunshine-products-inc.com');
insert into Companies (company_name, company_url) values ('Blue Sky Innovations', 'blue-sky-innovations.com');
insert into Companies (company_name, company_url) values ('Green Leaf Solutions', 'green-leaf-solutions.com');
insert into Companies (company_name, company_url) values ('ABC Corporation', 'abc-corporation.com');
insert into Companies (company_name, company_url) values ('XYZ Enterprises', 'xyz-enterprises.com');
insert into Companies (company_name, company_url) values ('Sunshine Products Inc.', 'sunshine-products-inc.com');
insert into Companies (company_name, company_url) values ('Blue Sky Innovations', 'blue-sky-innovations.com');
insert into Companies (company_name, company_url) values ('Green Leaf Solutions', 'green-leaf-solutions.com');



-- Data for Company_Offers
insert into Company_Offers (offer_id, company_id, offer_description, is_online_offer, is_in_store_offer) values (1, 1, 'Limited time offer: Buy one get one free!', false, false);
insert into Company_Offers (offer_id, company_id, offer_description, is_online_offer, is_in_store_offer) values (2, 2, 'Special discount: 10% off on all products', true, false);
insert into Company_Offers (offer_id, company_id, offer_description, is_online_offer, is_in_store_offer) values (3, 3, 'Flash sale: Up to 70% off on selected items', false, true);
insert into Company_Offers (offer_id, company_id, offer_description, is_online_offer, is_in_store_offer) values (4, 4, 'Exclusive deal: Free shipping on orders over $50', false, true);
insert into Company_Offers (offer_id, company_id, offer_description, is_online_offer, is_in_store_offer) values (5, 5, 'Huge savings: Buy 2 items and get 1 free', false, true);
insert into Company_Offers (offer_id, company_id, offer_description, is_online_offer, is_in_store_offer) values (6, 6, 'End of season clearance sale: Up to 80% off', true, true);
insert into Company_Offers (offer_id, company_id, offer_description, is_online_offer, is_in_store_offer) values (7, 7, 'Biggest sale of the year: Don''t miss out on these deals', false, false);
insert into Company_Offers (offer_id, company_id, offer_description, is_online_offer, is_in_store_offer) values (8, 8, 'Summer sale: Beat the heat with our hot discounts', true, true);
insert into Company_Offers (offer_id, company_id, offer_description, is_online_offer, is_in_store_offer) values (9, 9, 'Back to school sale: Get ready for the new school year with our offers', true, false);
insert into Company_Offers (offer_id, company_id, offer_description, is_online_offer, is_in_store_offer) values (10, 10, 'Fall promotion: Cozy up with our discounted products', true, true);
insert into Company_Offers (offer_id, company_id, offer_description, is_online_offer, is_in_store_offer) values (11, 11, 'Limited time offer: Buy one get one free!', false, false);
insert into Company_Offers (offer_id, company_id, offer_description, is_online_offer, is_in_store_offer) values (12, 12, 'Special discount: 10% off on all products', false, true);
insert into Company_Offers (offer_id, company_id, offer_description, is_online_offer, is_in_store_offer) values (13, 13, 'Flash sale: Up to 70% off on selected items', true, false);
insert into Company_Offers (offer_id, company_id, offer_description, is_online_offer, is_in_store_offer) values (14, 14, 'Exclusive deal: Free shipping on orders over $50', false, false);
insert into Company_Offers (offer_id, company_id, offer_description, is_online_offer, is_in_store_offer) values (15, 15, 'Huge savings: Buy 2 items and get 1 free', true, true);
insert into Company_Offers (offer_id, company_id, offer_description, is_online_offer, is_in_store_offer) values (16, 16, 'End of season clearance sale: Up to 80% off', true, false);
insert into Company_Offers (offer_id, company_id, offer_description, is_online_offer, is_in_store_offer) values (17, 17, 'Biggest sale of the year: Don''t miss out on these deals', false, false);
insert into Company_Offers (offer_id, company_id, offer_description, is_online_offer, is_in_store_offer) values (18, 18, 'Summer sale: Beat the heat with our hot discounts', true, true);
insert into Company_Offers (offer_id, company_id, offer_description, is_online_offer, is_in_store_offer) values (19, 19, 'Back to school sale: Get ready for the new school year with our offers', true, true);
insert into Company_Offers (offer_id, company_id, offer_description, is_online_offer, is_in_store_offer) values (20, 20, 'Fall promotion: Cozy up with our discounted products', false, false);
insert into Company_Offers (offer_id, company_id, offer_description, is_online_offer, is_in_store_offer) values (21, 21, 'Limited time offer: Buy one get one free!', true, true);
insert into Company_Offers (offer_id, company_id, offer_description, is_online_offer, is_in_store_offer) values (22, 22, 'Special discount: 10% off on all products', true, false);
insert into Company_Offers (offer_id, company_id, offer_description, is_online_offer, is_in_store_offer) values (23, 23, 'Flash sale: Up to 70% off on selected items', true, true);
insert into Company_Offers (offer_id, company_id, offer_description, is_online_offer, is_in_store_offer) values (24, 24, 'Exclusive deal: Free shipping on orders over $50', true, true);
insert into Company_Offers (offer_id, company_id, offer_description, is_online_offer, is_in_store_offer) values (25, 25, 'Huge savings: Buy 2 items and get 1 free', false, false);
insert into Company_Offers (offer_id, company_id, offer_description, is_online_offer, is_in_store_offer) values (26, 26, 'End of season clearance sale: Up to 80% off', true, false);
insert into Company_Offers (offer_id, company_id, offer_description, is_online_offer, is_in_store_offer) values (27, 27, 'Biggest sale of the year: Don''t miss out on these deals', false, false);
insert into Company_Offers (offer_id, company_id, offer_description, is_online_offer, is_in_store_offer) values (28, 28, 'Summer sale: Beat the heat with our hot discounts', false, false);
insert into Company_Offers (offer_id, company_id, offer_description, is_online_offer, is_in_store_offer) values (29, 29, 'Back to school sale: Get ready for the new school year with our offers', false, false);
insert into Company_Offers (offer_id, company_id, offer_description, is_online_offer, is_in_store_offer) values (30, 30, 'Fall promotion: Cozy up with our discounted products', true, false);
insert into Company_Offers (offer_id, company_id, offer_description, is_online_offer, is_in_store_offer) values (31, 31, 'Limited time offer: Buy one get one free!', true, true);
insert into Company_Offers (offer_id, company_id, offer_description, is_online_offer, is_in_store_offer) values (32, 32, 'Special discount: 10% off on all products', false, true);
insert into Company_Offers (offer_id, company_id, offer_description, is_online_offer, is_in_store_offer) values (33, 33, 'Flash sale: Up to 70% off on selected items', true, false);
insert into Company_Offers (offer_id, company_id, offer_description, is_online_offer, is_in_store_offer) values (34, 34, 'Exclusive deal: Free shipping on orders over $50', false, false);
insert into Company_Offers (offer_id, company_id, offer_description, is_online_offer, is_in_store_offer) values (35, 35, 'Huge savings: Buy 2 items and get 1 free', true, true);
insert into Company_Offers (offer_id, company_id, offer_description, is_online_offer, is_in_store_offer) values (36, 36, 'End of season clearance sale: Up to 80% off', false, false);
insert into Company_Offers (offer_id, company_id, offer_description, is_online_offer, is_in_store_offer) values (37, 37, 'Biggest sale of the year: Don''t miss out on these deals', false, false);
insert into Company_Offers (offer_id, company_id, offer_description, is_online_offer, is_in_store_offer) values (38, 38, 'Summer sale: Beat the heat with our hot discounts', false, true);
insert into Company_Offers (offer_id, company_id, offer_description, is_online_offer, is_in_store_offer) values (39, 39, 'Back to school sale: Get ready for the new school year with our offers', false, false);
insert into Company_Offers (offer_id, company_id, offer_description, is_online_offer, is_in_store_offer) values (40, 40, 'Fall promotion: Cozy up with our discounted products', false, true);
insert into Company_Offers (offer_id, company_id, offer_description, is_online_offer, is_in_store_offer) values (41, 41, 'Limited time offer: Buy one get one free!', true, true);
insert into Company_Offers (offer_id, company_id, offer_description, is_online_offer, is_in_store_offer) values (42, 42, 'Special discount: 10% off on all products', true, true);
insert into Company_Offers (offer_id, company_id, offer_description, is_online_offer, is_in_store_offer) values (43, 43, 'Flash sale: Up to 70% off on selected items', false, false);
insert into Company_Offers (offer_id, company_id, offer_description, is_online_offer, is_in_store_offer) values (44, 44, 'Exclusive deal: Free shipping on orders over $50', false, false);
insert into Company_Offers (offer_id, company_id, offer_description, is_online_offer, is_in_store_offer) values (45, 45, 'Huge savings: Buy 2 items and get 1 free', true, false);
insert into Company_Offers (offer_id, company_id, offer_description, is_online_offer, is_in_store_offer) values (46, 46, 'End of season clearance sale: Up to 80% off', true, true);
insert into Company_Offers (offer_id, company_id, offer_description, is_online_offer, is_in_store_offer) values (47, 47, 'Biggest sale of the year: Don''t miss out on these deals', true, false);
insert into Company_Offers (offer_id, company_id, offer_description, is_online_offer, is_in_store_offer) values (48, 48, 'Summer sale: Beat the heat with our hot discounts', false, true);
insert into Company_Offers (offer_id, company_id, offer_description, is_online_offer, is_in_store_offer) values (49, 49, 'Back to school sale: Get ready for the new school year with our offers', true, false);
insert into Company_Offers (offer_id, company_id, offer_description, is_online_offer, is_in_store_offer) values (50, 50, 'Fall promotion: Cozy up with our discounted products', false, false);
insert into Company_Offers (offer_id, company_id, offer_description, is_online_offer, is_in_store_offer) values (51, 51, 'Limited time offer: Buy one get one free!', true, true);
insert into Company_Offers (offer_id, company_id, offer_description, is_online_offer, is_in_store_offer) values (52, 52, 'Special discount: 10% off on all products', true, false);
insert into Company_Offers (offer_id, company_id, offer_description, is_online_offer, is_in_store_offer) values (53, 53, 'Flash sale: Up to 70% off on selected items', true, true);
insert into Company_Offers (offer_id, company_id, offer_description, is_online_offer, is_in_store_offer) values (54, 54, 'Exclusive deal: Free shipping on orders over $50', false, false);
insert into Company_Offers (offer_id, company_id, offer_description, is_online_offer, is_in_store_offer) values (55, 55, 'Huge savings: Buy 2 items and get 1 free', false, true);
insert into Company_Offers (offer_id, company_id, offer_description, is_online_offer, is_in_store_offer) values (56, 56, 'End of season clearance sale: Up to 80% off', true, true);
insert into Company_Offers (offer_id, company_id, offer_description, is_online_offer, is_in_store_offer) values (57, 57, 'Biggest sale of the year: Don''t miss out on these deals', true, false);
insert into Company_Offers (offer_id, company_id, offer_description, is_online_offer, is_in_store_offer) values (58, 58, 'Summer sale: Beat the heat with our hot discounts', false, true);
insert into Company_Offers (offer_id, company_id, offer_description, is_online_offer, is_in_store_offer) values (59, 59, 'Back to school sale: Get ready for the new school year with our offers', true, false);
insert into Company_Offers (offer_id, company_id, offer_description, is_online_offer, is_in_store_offer) values (60, 60, 'Fall promotion: Cozy up with our discounted products', true, true);
insert into Company_Offers (offer_id, company_id, offer_description, is_online_offer, is_in_store_offer) values (61, 61, 'Limited time offer: Buy one get one free!', true, true);
insert into Company_Offers (offer_id, company_id, offer_description, is_online_offer, is_in_store_offer) values (62, 62, 'Special discount: 10% off on all products', false, false);
insert into Company_Offers (offer_id, company_id, offer_description, is_online_offer, is_in_store_offer) values (63, 63, 'Flash sale: Up to 70% off on selected items', false, false);
insert into Company_Offers (offer_id, company_id, offer_description, is_online_offer, is_in_store_offer) values (64, 64, 'Exclusive deal: Free shipping on orders over $50', false, true);
insert into Company_Offers (offer_id, company_id, offer_description, is_online_offer, is_in_store_offer) values (65, 65, 'Huge savings: Buy 2 items and get 1 free', false, true);
insert into Company_Offers (offer_id, company_id, offer_description, is_online_offer, is_in_store_offer) values (66, 66, 'End of season clearance sale: Up to 80% off', false, false);
insert into Company_Offers (offer_id, company_id, offer_description, is_online_offer, is_in_store_offer) values (67, 67, 'Biggest sale of the year: Don''t miss out on these deals', false, false);
insert into Company_Offers (offer_id, company_id, offer_description, is_online_offer, is_in_store_offer) values (68, 68, 'Summer sale: Beat the heat with our hot discounts', false, true);
insert into Company_Offers (offer_id, company_id, offer_description, is_online_offer, is_in_store_offer) values (69, 69, 'Back to school sale: Get ready for the new school year with our offers', true, false);
insert into Company_Offers (offer_id, company_id, offer_description, is_online_offer, is_in_store_offer) values (70, 70, 'Fall promotion: Cozy up with our discounted products', false, true);
insert into Company_Offers (offer_id, company_id, offer_description, is_online_offer, is_in_store_offer) values (71, 71, 'Limited time offer: Buy one get one free!', false, false);
insert into Company_Offers (offer_id, company_id, offer_description, is_online_offer, is_in_store_offer) values (72, 72, 'Special discount: 10% off on all products', true, true);
insert into Company_Offers (offer_id, company_id, offer_description, is_online_offer, is_in_store_offer) values (73, 73, 'Flash sale: Up to 70% off on selected items', true, false);
insert into Company_Offers (offer_id, company_id, offer_description, is_online_offer, is_in_store_offer) values (74, 74, 'Exclusive deal: Free shipping on orders over $50', true, true);
insert into Company_Offers (offer_id, company_id, offer_description, is_online_offer, is_in_store_offer) values (75, 75, 'Huge savings: Buy 2 items and get 1 free', true, true);
insert into Company_Offers (offer_id, company_id, offer_description, is_online_offer, is_in_store_offer) values (76, 76, 'End of season clearance sale: Up to 80% off', true, false);
insert into Company_Offers (offer_id, company_id, offer_description, is_online_offer, is_in_store_offer) values (77, 77, 'Biggest sale of the year: Don''t miss out on these deals', true, true);
insert into Company_Offers (offer_id, company_id, offer_description, is_online_offer, is_in_store_offer) values (78, 78, 'Summer sale: Beat the heat with our hot discounts', false, true);
insert into Company_Offers (offer_id, company_id, offer_description, is_online_offer, is_in_store_offer) values (79, 79, 'Back to school sale: Get ready for the new school year with our offers', false, false);
insert into Company_Offers (offer_id, company_id, offer_description, is_online_offer, is_in_store_offer) values (80, 80, 'Fall promotion: Cozy up with our discounted products', true, false);
insert into Company_Offers (offer_id, company_id, offer_description, is_online_offer, is_in_store_offer) values (81, 81, 'Limited time offer: Buy one get one free!', true, true);
insert into Company_Offers (offer_id, company_id, offer_description, is_online_offer, is_in_store_offer) values (82, 82, 'Special discount: 10% off on all products', false, false);
insert into Company_Offers (offer_id, company_id, offer_description, is_online_offer, is_in_store_offer) values (83, 83, 'Flash sale: Up to 70% off on selected items', true, false);
insert into Company_Offers (offer_id, company_id, offer_description, is_online_offer, is_in_store_offer) values (84, 84, 'Exclusive deal: Free shipping on orders over $50', true, true);
insert into Company_Offers (offer_id, company_id, offer_description, is_online_offer, is_in_store_offer) values (85, 85, 'Huge savings: Buy 2 items and get 1 free', false, true);
insert into Company_Offers (offer_id, company_id, offer_description, is_online_offer, is_in_store_offer) values (86, 86, 'End of season clearance sale: Up to 80% off', true, true);
insert into Company_Offers (offer_id, company_id, offer_description, is_online_offer, is_in_store_offer) values (87, 87, 'Biggest sale of the year: Don''t miss out on these deals', false, false);
insert into Company_Offers (offer_id, company_id, offer_description, is_online_offer, is_in_store_offer) values (88, 88, 'Summer sale: Beat the heat with our hot discounts', true, false);
insert into Company_Offers (offer_id, company_id, offer_description, is_online_offer, is_in_store_offer) values (89, 89, 'Back to school sale: Get ready for the new school year with our offers', true, true);
insert into Company_Offers (offer_id, company_id, offer_description, is_online_offer, is_in_store_offer) values (90, 90, 'Fall promotion: Cozy up with our discounted products', false, true);
insert into Company_Offers (offer_id, company_id, offer_description, is_online_offer, is_in_store_offer) values (91, 91, 'Limited time offer: Buy one get one free!', true, false);
insert into Company_Offers (offer_id, company_id, offer_description, is_online_offer, is_in_store_offer) values (92, 92, 'Special discount: 10% off on all products', false, true);
insert into Company_Offers (offer_id, company_id, offer_description, is_online_offer, is_in_store_offer) values (93, 93, 'Flash sale: Up to 70% off on selected items', true, true);
insert into Company_Offers (offer_id, company_id, offer_description, is_online_offer, is_in_store_offer) values (94, 94, 'Exclusive deal: Free shipping on orders over $50', true, false);
insert into Company_Offers (offer_id, company_id, offer_description, is_online_offer, is_in_store_offer) values (95, 95, 'Huge savings: Buy 2 items and get 1 free', false, false);
insert into Company_Offers (offer_id, company_id, offer_description, is_online_offer, is_in_store_offer) values (96, 96, 'End of season clearance sale: Up to 80% off', false, false);
insert into Company_Offers (offer_id, company_id, offer_description, is_online_offer, is_in_store_offer) values (97, 97, 'Biggest sale of the year: Don''t miss out on these deals', true, false);
insert into Company_Offers (offer_id, company_id, offer_description, is_online_offer, is_in_store_offer) values (98, 98, 'Summer sale: Beat the heat with our hot discounts', false, false);
insert into Company_Offers (offer_id, company_id, offer_description, is_online_offer, is_in_store_offer) values (99, 99, 'Back to school sale: Get ready for the new school year with our offers', false, false);
insert into Company_Offers (offer_id, company_id, offer_description, is_online_offer, is_in_store_offer) values (100, 100, 'Fall promotion: Cozy up with our discounted products', false, true);

-- Data for Stores
insert into Stores (store_name, address_line1, address_line2, city, state, zip, company_id) values ('Happy Harvest Market', '6 Lukken Alley', '12th Floor', 'Greensboro', 'North Carolina', '27499', 1);
insert into Stores (store_name, address_line1, address_line2, city, state, zip, company_id) values ('Golden Gate Groceries', '6 Forest Run Circle', 'Apt 960', 'Washington', 'District of Columbia', '20470', 2);
insert into Stores (store_name, address_line1, address_line2, city, state, zip, company_id) values ('Rainbow Delights Store', '85 Maywood Drive', 'Suite 88', 'Lincoln', 'Nebraska', '68531', 3);
insert into Stores (store_name, address_line1, address_line2, city, state, zip, company_id) values ('Mountain View Restraunt', '8 Coolidge Hill', 'Room 445', 'El Paso', 'Texas', '79999', 4);
insert into Stores (store_name, address_line1, address_line2, city, state, zip, company_id) values ('Mountain View Restraunt', '2227 Independence Drive', 'Suite 98', 'Phoenix', 'Arizona', '85099', 5);
insert into Stores (store_name, address_line1, address_line2, city, state, zip, company_id) values ('Starlight Supermarket', '5094 Homewood Circle', '11th Floor', 'Newark', 'New Jersey', '07195', 6);
insert into Stores (store_name, address_line1, address_line2, city, state, zip, company_id) values ('Ocean Breeze Grocery', '09 Macpherson Crossing', 'Suite 47', 'Las Vegas', 'Nevada', '89110', 7);
insert into Stores (store_name, address_line1, address_line2, city, state, zip, company_id) values ('Cozy Corner Techmart', '5 Basil Pass', '20th Floor', 'Colorado Springs', 'Colorado', '80905', 8);
insert into Stores (store_name, address_line1, address_line2, city, state, zip, company_id) values ('Cozy Corner Techmart', '78534 Service Park', 'PO Box 21227', 'Los Angeles', 'California', '90094', 9);
insert into Stores (store_name, address_line1, address_line2, city, state, zip, company_id) values ('Emerald City Tech Store', '721 Oxford Junction', 'Apt 1591', 'Charleston', 'West Virginia', '25389', 10);
insert into Stores (store_name, address_line1, address_line2, city, state, zip, company_id) values ('Starlight Supermarket', '0 Carpenter Park', 'Apt 1433', 'Raleigh', 'North Carolina', '27690', 11);
insert into Stores (store_name, address_line1, address_line2, city, state, zip, company_id) values ('Cozy Corner Techmart', '80 Goodland Crossing', 'Apt 286', 'Bridgeport', 'Connecticut', '06673', 12);
insert into Stores (store_name, address_line1, address_line2, city, state, zip, company_id) values ('Happy Harvest Market', '77311 Hansons Drive', 'Apt 251', 'San Diego', 'California', '92137', 13);
insert into Stores (store_name, address_line1, address_line2, city, state, zip, company_id) values ('Rainbow Delights Store', '49598 Quincy Place', 'Room 804', 'Bonita Springs', 'Florida', '34135', 14);
insert into Stores (store_name, address_line1, address_line2, city, state, zip, company_id) values ('Happy Harvest Market', '5 Manley Point', 'Room 76', 'Atlanta', 'Georgia', '31196', 15);
insert into Stores (store_name, address_line1, address_line2, city, state, zip, company_id) values ('Ocean Breeze Grocery', '8812 Londonderry Road', 'Room 1158', 'Salt Lake City', 'Utah', '84130', 16);
insert into Stores (store_name, address_line1, address_line2, city, state, zip, company_id) values ('Happy Harvest Market', '00 Village Green Place', 'Apt 1974', 'Irving', 'Texas', '75062', 17);
insert into Stores (store_name, address_line1, address_line2, city, state, zip, company_id) values ('Pineapple Express Market', '1934 Melvin Alley', 'Room 1578', 'Charleston', 'West Virginia', '25356', 18);
insert into Stores (store_name, address_line1, address_line2, city, state, zip, company_id) values ('Starlight Supermarket', '0820 Mifflin Avenue', 'Room 480', 'Houston', 'Texas', '77065', 19);
insert into Stores (store_name, address_line1, address_line2, city, state, zip, company_id) values ('Pineapple Express Market', '2 Lukken Point', 'Suite 79', 'Minneapolis', 'Minnesota', '55441', 20);
insert into Stores (store_name, address_line1, address_line2, city, state, zip, company_id) values ('Happy Harvest Market', '2 Crest Line Center', '16th Floor', 'North Hollywood', 'California', '91606', 21);
insert into Stores (store_name, address_line1, address_line2, city, state, zip, company_id) values ('Golden Gate Groceries', '08 Portage Road', 'PO Box 80718', 'Migrate', 'Kentucky', '41905', 22);
insert into Stores (store_name, address_line1, address_line2, city, state, zip, company_id) values ('Golden Gate Groceries', '474 Southridge Park', 'PO Box 42029', 'El Paso', 'Texas', '79950', 23);
insert into Stores (store_name, address_line1, address_line2, city, state, zip, company_id) values ('Rainbow Delights Store', '4 Cottonwood Point', 'PO Box 45244', 'Omaha', 'Nebraska', '68197', 24);
insert into Stores (store_name, address_line1, address_line2, city, state, zip, company_id) values ('Emerald City Tech Store', '512 Marquette Place', 'PO Box 17587', 'Denver', 'Colorado', '80262', 25);
insert into Stores (store_name, address_line1, address_line2, city, state, zip, company_id) values ('Ocean Breeze Grocery', '3726 Emmet Lane', 'PO Box 21546', 'Salt Lake City', 'Utah', '84145', 26);
insert into Stores (store_name, address_line1, address_line2, city, state, zip, company_id) values ('Mountain View Restraunt', '18 Elmside Alley', 'Room 1979', 'Paterson', 'New Jersey', '07522', 27);
insert into Stores (store_name, address_line1, address_line2, city, state, zip, company_id) values ('Starlight Supermarket', '4 Shelley Hill', 'Suite 26', 'Stamford', 'Connecticut', '06922', 28);
insert into Stores (store_name, address_line1, address_line2, city, state, zip, company_id) values ('Happy Harvest Market', '7 Golden Leaf Trail', 'Room 1344', 'Alexandria', 'Virginia', '22309', 29);
insert into Stores (store_name, address_line1, address_line2, city, state, zip, company_id) values ('Rainbow Delights Store', '760 Heffernan Alley', 'Room 701', 'Tulsa', 'Oklahoma', '74170', 30);
insert into Stores (store_name, address_line1, address_line2, city, state, zip, company_id) values ('Starlight Supermarket', '1435 Gina Circle', 'Suite 48', 'San Jose', 'California', '95108', 31);
insert into Stores (store_name, address_line1, address_line2, city, state, zip, company_id) values ('Pineapple Express Market', '38 Hanson Hill', 'Room 432', 'Dallas', 'Texas', '75221', 32);
insert into Stores (store_name, address_line1, address_line2, city, state, zip, company_id) values ('Happy Harvest Market', '143 Anderson Lane', 'Suite 44', 'Detroit', 'Michigan', '48211', 33);
insert into Stores (store_name, address_line1, address_line2, city, state, zip, company_id) values ('Cozy Corner Techmart', '522 Westend Crossing', 'Suite 90', 'Duluth', 'Minnesota', '55811', 34);
insert into Stores (store_name, address_line1, address_line2, city, state, zip, company_id) values ('Starlight Supermarket', '71644 Linden Parkway', 'Room 955', 'Van Nuys', 'California', '91411', 35);
insert into Stores (store_name, address_line1, address_line2, city, state, zip, company_id) values ('Cozy Corner Techmart', '68173 Briar Crest Way', 'PO Box 25534', 'Santa Rosa', 'California', '95405', 36);
insert into Stores (store_name, address_line1, address_line2, city, state, zip, company_id) values ('Cozy Corner Techmart', '4 Petterle Place', 'PO Box 12637', 'Gaithersburg', 'Maryland', '20883', 37);
insert into Stores (store_name, address_line1, address_line2, city, state, zip, company_id) values ('Pineapple Express Market', '79 Anderson Lane', 'Apt 1543', 'Albany', 'New York', '12210', 38);
insert into Stores (store_name, address_line1, address_line2, city, state, zip, company_id) values ('Ocean Breeze Grocery', '47 Shelley Pass', 'Room 449', 'Lake Charles', 'Louisiana', '70616', 39);
insert into Stores (store_name, address_line1, address_line2, city, state, zip, company_id) values ('Sunshine Mart', '42 Gateway Trail', '6th Floor', 'Wichita Falls', 'Texas', '76305', 40);
insert into Stores (store_name, address_line1, address_line2, city, state, zip, company_id) values ('Pineapple Express Market', '7 Armistice Plaza', 'PO Box 35384', 'Richmond', 'Virginia', '23293', 41);
insert into Stores (store_name, address_line1, address_line2, city, state, zip, company_id) values ('Pineapple Express Market', '7 Springview Court', 'Room 686', 'San Antonio', 'Texas', '78291', 42);
insert into Stores (store_name, address_line1, address_line2, city, state, zip, company_id) values ('Starlight Supermarket', '1 Anniversary Court', 'Suite 24', 'Boston', 'Massachusetts', '02109', 43);
insert into Stores (store_name, address_line1, address_line2, city, state, zip, company_id) values ('Ocean Breeze Grocery', '40343 Sunnyside Junction', '7th Floor', 'Worcester', 'Massachusetts', '01610', 44);
insert into Stores (store_name, address_line1, address_line2, city, state, zip, company_id) values ('Rainbow Delights Store', '70 Eagan Drive', 'Room 1938', 'Tallahassee', 'Florida', '32304', 45);
insert into Stores (store_name, address_line1, address_line2, city, state, zip, company_id) values ('Emerald City Tech Store', '67 Almo Park', '8th Floor', 'Dayton', 'Ohio', '45403', 46);
insert into Stores (store_name, address_line1, address_line2, city, state, zip, company_id) values ('Rainbow Delights Store', '8 Rutledge Avenue', 'Room 1292', 'Tacoma', 'Washington', '98481', 47);
insert into Stores (store_name, address_line1, address_line2, city, state, zip, company_id) values ('Sunshine Mart', '59678 Gerald Terrace', '11th Floor', 'Detroit', 'Michigan', '48242', 48);
insert into Stores (store_name, address_line1, address_line2, city, state, zip, company_id) values ('Starlight Supermarket', '5958 Northport Trail', 'Apt 1615', 'Prescott', 'Arizona', '86305', 49);
insert into Stores (store_name, address_line1, address_line2, city, state, zip, company_id) values ('Emerald City Tech Store', '3476 Eastwood Street', 'Suite 30', 'Worcester', 'Massachusetts', '01605', 50);
insert into Stores (store_name, address_line1, address_line2, city, state, zip, company_id) values ('Happy Harvest Market', '4851 Oak Valley Parkway', 'Room 302', 'Tulsa', 'Oklahoma', '74141', 51);
insert into Stores (store_name, address_line1, address_line2, city, state, zip, company_id) values ('Mountain View Restraunt', '58492 Everett Pass', '12th Floor', 'Sacramento', 'California', '94297', 52);
insert into Stores (store_name, address_line1, address_line2, city, state, zip, company_id) values ('Emerald City Tech Store', '699 Steensland Trail', '8th Floor', 'Saint Paul', 'Minnesota', '55166', 53);
insert into Stores (store_name, address_line1, address_line2, city, state, zip, company_id) values ('Mountain View Restraunt', '7510 Troy Crossing', '19th Floor', 'San Jose', 'California', '95150', 54);
insert into Stores (store_name, address_line1, address_line2, city, state, zip, company_id) values ('Ocean Breeze Grocery', '30857 Spohn Lane', 'Room 1284', 'Erie', 'Pennsylvania', '16505', 55);
insert into Stores (store_name, address_line1, address_line2, city, state, zip, company_id) values ('Sunshine Mart', '23683 Fair Oaks Park', '17th Floor', 'Macon', 'Georgia', '31210', 56);
insert into Stores (store_name, address_line1, address_line2, city, state, zip, company_id) values ('Sunshine Mart', '174 Kedzie Place', 'Room 1174', 'Bowie', 'Maryland', '20719', 57);
insert into Stores (store_name, address_line1, address_line2, city, state, zip, company_id) values ('Sunshine Mart', '3714 Independence Street', '6th Floor', 'Melbourne', 'Florida', '32941', 58);
insert into Stores (store_name, address_line1, address_line2, city, state, zip, company_id) values ('Cozy Corner Techmart', '66 Lyons Lane', 'Apt 1254', 'Oakland', 'California', '94616', 59);
insert into Stores (store_name, address_line1, address_line2, city, state, zip, company_id) values ('Rainbow Delights Store', '01945 Ridge Oak Park', 'Suite 57', 'Cedar Rapids', 'Iowa', '52405', 60);
insert into Stores (store_name, address_line1, address_line2, city, state, zip, company_id) values ('Emerald City Tech Store', '613 Summer Ridge Point', 'Room 479', 'San Antonio', 'Texas', '78285', 61);
insert into Stores (store_name, address_line1, address_line2, city, state, zip, company_id) values ('Rainbow Delights Store', '315 Birchwood Street', 'Room 940', 'Greensboro', 'North Carolina', '27425', 62);
insert into Stores (store_name, address_line1, address_line2, city, state, zip, company_id) values ('Ocean Breeze Grocery', '133 Logan Crossing', 'Apt 666', 'Toledo', 'Ohio', '43635', 63);
insert into Stores (store_name, address_line1, address_line2, city, state, zip, company_id) values ('Mountain View Restraunt', '95780 Iowa Terrace', 'Suite 45', 'Staten Island', 'New York', '10310', 64);
insert into Stores (store_name, address_line1, address_line2, city, state, zip, company_id) values ('Golden Gate Groceries', '581 Redwing Center', '9th Floor', 'Decatur', 'Illinois', '62525', 65);
insert into Stores (store_name, address_line1, address_line2, city, state, zip, company_id) values ('Emerald City Tech Store', '6152 Annamark Alley', '13th Floor', 'Birmingham', 'Alabama', '35205', 66);
insert into Stores (store_name, address_line1, address_line2, city, state, zip, company_id) values ('Sunshine Mart', '1 Esker Trail', '7th Floor', 'Honolulu', 'Hawaii', '96805', 67);
insert into Stores (store_name, address_line1, address_line2, city, state, zip, company_id) values ('Pineapple Express Market', '69 Washington Junction', 'Suite 27', 'Jacksonville', 'Florida', '32277', 68);
insert into Stores (store_name, address_line1, address_line2, city, state, zip, company_id) values ('Starlight Supermarket', '89 Homewood Street', 'Apt 852', 'Portland', 'Oregon', '97271', 69);
insert into Stores (store_name, address_line1, address_line2, city, state, zip, company_id) values ('Cozy Corner Techmart', '0669 Eagan Avenue', 'Apt 497', 'Jacksonville', 'Florida', '32209', 70);
insert into Stores (store_name, address_line1, address_line2, city, state, zip, company_id) values ('Emerald City Tech Store', '795 Hintze Plaza', 'PO Box 31847', 'Anchorage', 'Alaska', '99522', 71);
insert into Stores (store_name, address_line1, address_line2, city, state, zip, company_id) values ('Emerald City Tech Store', '60792 Hayes Junction', 'Room 1988', 'Charlotte', 'North Carolina', '28272', 72);
insert into Stores (store_name, address_line1, address_line2, city, state, zip, company_id) values ('Sunshine Mart', '5 Gateway Street', 'Room 357', 'Rochester', 'New York', '14619', 73);
insert into Stores (store_name, address_line1, address_line2, city, state, zip, company_id) values ('Pineapple Express Market', '663 Anzinger Circle', 'PO Box 55858', 'Seattle', 'Washington', '98195', 74);
insert into Stores (store_name, address_line1, address_line2, city, state, zip, company_id) values ('Mountain View Restraunt', '905 Mesta Place', 'Room 720', 'El Paso', 'Texas', '79989', 75);
insert into Stores (store_name, address_line1, address_line2, city, state, zip, company_id) values ('Emerald City Tech Store', '4 Algoma Trail', 'PO Box 32940', 'Philadelphia', 'Pennsylvania', '19109', 76);
insert into Stores (store_name, address_line1, address_line2, city, state, zip, company_id) values ('Mountain View Restraunt', '75438 Little Fleur Pass', '3rd Floor', 'Honolulu', 'Hawaii', '96835', 77);
insert into Stores (store_name, address_line1, address_line2, city, state, zip, company_id) values ('Emerald City Tech Store', '3 Vera Point', 'Room 1741', 'Reading', 'Pennsylvania', '19605', 78);
insert into Stores (store_name, address_line1, address_line2, city, state, zip, company_id) values ('Pineapple Express Market', '390 Kedzie Alley', 'Suite 85', 'Sacramento', 'California', '94207', 79);
insert into Stores (store_name, address_line1, address_line2, city, state, zip, company_id) values ('Ocean Breeze Grocery', '5014 Dwight Street', 'Suite 48', 'Baton Rouge', 'Louisiana', '70836', 80);
insert into Stores (store_name, address_line1, address_line2, city, state, zip, company_id) values ('Ocean Breeze Grocery', '6 Butternut Street', 'Suite 72', 'Houston', 'Texas', '77288', 81);
insert into Stores (store_name, address_line1, address_line2, city, state, zip, company_id) values ('Ocean Breeze Grocery', '16 Badeau Alley', 'PO Box 29750', 'Hampton', 'Virginia', '23663', 82);
insert into Stores (store_name, address_line1, address_line2, city, state, zip, company_id) values ('Starlight Supermarket', '9133 Maple Junction', 'PO Box 32431', 'New Orleans', 'Louisiana', '70160', 83);
insert into Stores (store_name, address_line1, address_line2, city, state, zip, company_id) values ('Ocean Breeze Grocery', '12465 Melvin Circle', '19th Floor', 'Shawnee Mission', 'Kansas', '66276', 84);
insert into Stores (store_name, address_line1, address_line2, city, state, zip, company_id) values ('Mountain View Restraunt', '01034 Cardinal Court', 'Apt 1877', 'Huntington Beach', 'California', '92648', 85);
insert into Stores (store_name, address_line1, address_line2, city, state, zip, company_id) values ('Ocean Breeze Grocery', '9975 Magdeline Drive', 'Suite 45', 'Tampa', 'Florida', '33605', 86);
insert into Stores (store_name, address_line1, address_line2, city, state, zip, company_id) values ('Golden Gate Groceries', '1691 Bonner Center', 'PO Box 45417', 'Jacksonville', 'Florida', '32244', 87);
insert into Stores (store_name, address_line1, address_line2, city, state, zip, company_id) values ('Emerald City Tech Store', '174 New Castle Crossing', 'Suite 79', 'Clearwater', 'Florida', '33758', 88);
insert into Stores (store_name, address_line1, address_line2, city, state, zip, company_id) values ('Pineapple Express Market', '141 Paget Crossing', '7th Floor', 'Austin', 'Texas', '78764', 89);
insert into Stores (store_name, address_line1, address_line2, city, state, zip, company_id) values ('Happy Harvest Market', '7 Vernon Court', 'PO Box 61896', 'Brooklyn', 'New York', '11215', 90);
insert into Stores (store_name, address_line1, address_line2, city, state, zip, company_id) values ('Happy Harvest Market', '42 Vera Plaza', 'Apt 1867', 'Cleveland', 'Ohio', '44125', 91);
insert into Stores (store_name, address_line1, address_line2, city, state, zip, company_id) values ('Sunshine Mart', '2 Carey Pass', 'Room 1049', 'Grand Junction', 'Colorado', '81505', 92);
insert into Stores (store_name, address_line1, address_line2, city, state, zip, company_id) values ('Ocean Breeze Grocery', '03 Nelson Crossing', '18th Floor', 'Lexington', 'Kentucky', '40596', 93);
insert into Stores (store_name, address_line1, address_line2, city, state, zip, company_id) values ('Rainbow Delights Store', '740 Butterfield Junction', 'PO Box 74379', 'Kansas City', 'Kansas', '66112', 94);
insert into Stores (store_name, address_line1, address_line2, city, state, zip, company_id) values ('Pineapple Express Market', '06 2nd Street', 'PO Box 95025', 'Miami', 'Florida', '33245', 95);
insert into Stores (store_name, address_line1, address_line2, city, state, zip, company_id) values ('Cozy Corner Techmart', '1847 Lakewood Way', 'Room 1728', 'Houston', 'Texas', '77245', 96);
insert into Stores (store_name, address_line1, address_line2, city, state, zip, company_id) values ('Golden Gate Groceries', '50157 Holy Cross Pass', 'Room 161', 'Cheyenne', 'Wyoming', '82007', 97);
insert into Stores (store_name, address_line1, address_line2, city, state, zip, company_id) values ('Golden Gate Groceries', '6330 Fisk Hill', 'Room 950', 'San Diego', 'California', '92121', 98);
insert into Stores (store_name, address_line1, address_line2, city, state, zip, company_id) values ('Happy Harvest Market', '3 Green Drive', '4th Floor', 'San Antonio', 'Texas', '78285', 99);
insert into Stores (store_name, address_line1, address_line2, city, state, zip, company_id) values ('Starlight Supermarket', '32799 Messerschmidt Way', 'Suite 61', 'Duluth', 'Georgia', '30096', 100);


-- Data for Notifications
insert into Notifications (offer_id) values (1);
insert into Notifications (offer_id) values (2);
insert into Notifications (offer_id) values (3);
insert into Notifications (offer_id) values (4);
insert into Notifications (offer_id) values (5);
insert into Notifications (offer_id) values (6);
insert into Notifications (offer_id) values (7);
insert into Notifications (offer_id) values (8);
insert into Notifications (offer_id) values (9);
insert into Notifications (offer_id) values (10);
insert into Notifications (offer_id) values (11);
insert into Notifications (offer_id) values (12);
insert into Notifications (offer_id) values (13);
insert into Notifications (offer_id) values (14);
insert into Notifications (offer_id) values (15);
insert into Notifications (offer_id) values (16);
insert into Notifications (offer_id) values (17);
insert into Notifications (offer_id) values (18);
insert into Notifications (offer_id) values (19);
insert into Notifications (offer_id) values (20);
insert into Notifications (offer_id) values (21);
insert into Notifications (offer_id) values (22);
insert into Notifications (offer_id) values (23);
insert into Notifications (offer_id) values (24);
insert into Notifications (offer_id) values (25);
insert into Notifications (offer_id) values (26);
insert into Notifications (offer_id) values (27);
insert into Notifications (offer_id) values (28);
insert into Notifications (offer_id) values (29);
insert into Notifications (offer_id) values (30);
insert into Notifications (offer_id) values (31);
insert into Notifications (offer_id) values (32);
insert into Notifications (offer_id) values (33);
insert into Notifications (offer_id) values (34);
insert into Notifications (offer_id) values (35);
insert into Notifications (offer_id) values (36);
insert into Notifications (offer_id) values (37);
insert into Notifications (offer_id) values (38);
insert into Notifications (offer_id) values (39);
insert into Notifications (offer_id) values (40);
insert into Notifications (offer_id) values (41);
insert into Notifications (offer_id) values (42);
insert into Notifications (offer_id) values (43);
insert into Notifications (offer_id) values (44);
insert into Notifications (offer_id) values (45);
insert into Notifications (offer_id) values (46);
insert into Notifications (offer_id) values (47);
insert into Notifications (offer_id) values (48);
insert into Notifications (offer_id) values (49);
insert into Notifications (offer_id) values (50);
insert into Notifications (offer_id) values (51);
insert into Notifications (offer_id) values (52);
insert into Notifications (offer_id) values (53);
insert into Notifications (offer_id) values (54);
insert into Notifications (offer_id) values (55);
insert into Notifications (offer_id) values (56);
insert into Notifications (offer_id) values (57);
insert into Notifications (offer_id) values (58);
insert into Notifications (offer_id) values (59);
insert into Notifications (offer_id) values (60);
insert into Notifications (offer_id) values (61);
insert into Notifications (offer_id) values (62);
insert into Notifications (offer_id) values (63);
insert into Notifications (offer_id) values (64);
insert into Notifications (offer_id) values (65);
insert into Notifications (offer_id) values (66);
insert into Notifications (offer_id) values (67);
insert into Notifications (offer_id) values (68);
insert into Notifications (offer_id) values (69);
insert into Notifications (offer_id) values (70);
insert into Notifications (offer_id) values (71);
insert into Notifications (offer_id) values (72);
insert into Notifications (offer_id) values (73);
insert into Notifications (offer_id) values (74);
insert into Notifications (offer_id) values (75);
insert into Notifications (offer_id) values (76);
insert into Notifications (offer_id) values (77);
insert into Notifications (offer_id) values (78);
insert into Notifications (offer_id) values (79);
insert into Notifications (offer_id) values (80);
insert into Notifications (offer_id) values (81);
insert into Notifications (offer_id) values (82);
insert into Notifications (offer_id) values (83);
insert into Notifications (offer_id) values (84);
insert into Notifications (offer_id) values (85);
insert into Notifications (offer_id) values (86);
insert into Notifications (offer_id) values (87);
insert into Notifications (offer_id) values (88);
insert into Notifications (offer_id) values (89);
insert into Notifications (offer_id) values (90);
insert into Notifications (offer_id) values (91);
insert into Notifications (offer_id) values (92);
insert into Notifications (offer_id) values (93);
insert into Notifications (offer_id) values (94);
insert into Notifications (offer_id) values (95);
insert into Notifications (offer_id) values (96);
insert into Notifications (offer_id) values (97);
insert into Notifications (offer_id) values (98);
insert into Notifications (offer_id) values (99);
insert into Notifications (offer_id) values (100);


-- Data for User_Notifications
insert into User_Notifications (notification_id, user_id) values (1, 1);
insert into User_Notifications (notification_id, user_id) values (2, 2);
insert into User_Notifications (notification_id, user_id) values (3, 3);
insert into User_Notifications (notification_id, user_id) values (4, 4);
insert into User_Notifications (notification_id, user_id) values (5, 5);
insert into User_Notifications (notification_id, user_id) values (6, 6);
insert into User_Notifications (notification_id, user_id) values (7, 7);
insert into User_Notifications (notification_id, user_id) values (8, 8);
insert into User_Notifications (notification_id, user_id) values (9, 9);
insert into User_Notifications (notification_id, user_id) values (10, 10);
insert into User_Notifications (notification_id, user_id) values (11, 11);
insert into User_Notifications (notification_id, user_id) values (12, 12);
insert into User_Notifications (notification_id, user_id) values (13, 13);
insert into User_Notifications (notification_id, user_id) values (14, 14);
insert into User_Notifications (notification_id, user_id) values (15, 15);
insert into User_Notifications (notification_id, user_id) values (16, 16);
insert into User_Notifications (notification_id, user_id) values (17, 17);
insert into User_Notifications (notification_id, user_id) values (18, 18);
insert into User_Notifications (notification_id, user_id) values (19, 19);
insert into User_Notifications (notification_id, user_id) values (20, 20);
insert into User_Notifications (notification_id, user_id) values (21, 21);
insert into User_Notifications (notification_id, user_id) values (22, 22);
insert into User_Notifications (notification_id, user_id) values (23, 23);
insert into User_Notifications (notification_id, user_id) values (24, 24);
insert into User_Notifications (notification_id, user_id) values (25, 25);
insert into User_Notifications (notification_id, user_id) values (26, 26);
insert into User_Notifications (notification_id, user_id) values (27, 27);
insert into User_Notifications (notification_id, user_id) values (28, 28);
insert into User_Notifications (notification_id, user_id) values (29, 29);
insert into User_Notifications (notification_id, user_id) values (30, 30);
insert into User_Notifications (notification_id, user_id) values (31, 31);
insert into User_Notifications (notification_id, user_id) values (32, 32);
insert into User_Notifications (notification_id, user_id) values (33, 33);
insert into User_Notifications (notification_id, user_id) values (34, 34);
insert into User_Notifications (notification_id, user_id) values (35, 35);
insert into User_Notifications (notification_id, user_id) values (36, 36);
insert into User_Notifications (notification_id, user_id) values (37, 37);
insert into User_Notifications (notification_id, user_id) values (38, 38);
insert into User_Notifications (notification_id, user_id) values (39, 39);
insert into User_Notifications (notification_id, user_id) values (40, 40);
insert into User_Notifications (notification_id, user_id) values (41, 41);
insert into User_Notifications (notification_id, user_id) values (42, 42);
insert into User_Notifications (notification_id, user_id) values (43, 43);
insert into User_Notifications (notification_id, user_id) values (44, 44);
insert into User_Notifications (notification_id, user_id) values (45, 45);
insert into User_Notifications (notification_id, user_id) values (46, 46);
insert into User_Notifications (notification_id, user_id) values (47, 47);
insert into User_Notifications (notification_id, user_id) values (48, 48);
insert into User_Notifications (notification_id, user_id) values (49, 49);
insert into User_Notifications (notification_id, user_id) values (50, 50);
insert into User_Notifications (notification_id, user_id) values (51, 51);
insert into User_Notifications (notification_id, user_id) values (52, 52);
insert into User_Notifications (notification_id, user_id) values (53, 53);
insert into User_Notifications (notification_id, user_id) values (54, 54);
insert into User_Notifications (notification_id, user_id) values (55, 55);
insert into User_Notifications (notification_id, user_id) values (56, 56);
insert into User_Notifications (notification_id, user_id) values (57, 57);
insert into User_Notifications (notification_id, user_id) values (58, 58);
insert into User_Notifications (notification_id, user_id) values (59, 59);
insert into User_Notifications (notification_id, user_id) values (60, 60);
insert into User_Notifications (notification_id, user_id) values (61, 61);
insert into User_Notifications (notification_id, user_id) values (62, 62);
insert into User_Notifications (notification_id, user_id) values (63, 63);
insert into User_Notifications (notification_id, user_id) values (64, 64);
insert into User_Notifications (notification_id, user_id) values (65, 65);
insert into User_Notifications (notification_id, user_id) values (66, 66);
insert into User_Notifications (notification_id, user_id) values (67, 67);
insert into User_Notifications (notification_id, user_id) values (68, 68);
insert into User_Notifications (notification_id, user_id) values (69, 69);
insert into User_Notifications (notification_id, user_id) values (70, 70);
insert into User_Notifications (notification_id, user_id) values (71, 71);
insert into User_Notifications (notification_id, user_id) values (72, 72);
insert into User_Notifications (notification_id, user_id) values (73, 73);
insert into User_Notifications (notification_id, user_id) values (74, 74);
insert into User_Notifications (notification_id, user_id) values (75, 75);
insert into User_Notifications (notification_id, user_id) values (76, 76);
insert into User_Notifications (notification_id, user_id) values (77, 77);
insert into User_Notifications (notification_id, user_id) values (78, 78);
insert into User_Notifications (notification_id, user_id) values (79, 79);
insert into User_Notifications (notification_id, user_id) values (80, 80);
insert into User_Notifications (notification_id, user_id) values (81, 81);
insert into User_Notifications (notification_id, user_id) values (82, 82);
insert into User_Notifications (notification_id, user_id) values (83, 83);
insert into User_Notifications (notification_id, user_id) values (84, 84);
insert into User_Notifications (notification_id, user_id) values (85, 85);
insert into User_Notifications (notification_id, user_id) values (86, 86);
insert into User_Notifications (notification_id, user_id) values (87, 87);
insert into User_Notifications (notification_id, user_id) values (88, 88);
insert into User_Notifications (notification_id, user_id) values (89, 89);
insert into User_Notifications (notification_id, user_id) values (90, 90);
insert into User_Notifications (notification_id, user_id) values (91, 91);
insert into User_Notifications (notification_id, user_id) values (92, 92);
insert into User_Notifications (notification_id, user_id) values (93, 93);
insert into User_Notifications (notification_id, user_id) values (94, 94);
insert into User_Notifications (notification_id, user_id) values (95, 95);
insert into User_Notifications (notification_id, user_id) values (96, 96);
insert into User_Notifications (notification_id, user_id) values (97, 97);
insert into User_Notifications (notification_id, user_id) values (98, 98);
insert into User_Notifications (notification_id, user_id) values (99, 99);
insert into User_Notifications (notification_id, user_id) values (100, 100);
